LT_Mean_Gyr,LT_Max_Acc,LT_IQR_GyrX,LT_Min_Acc,LT_Mean_AccX,LT_Var_Gyr,LT_IQR_AccX,LT_Std_Gyr,LT_Skew_Acc,LT_Kurt_Gyr,RT_Mean_Gyr,RT_Max_Acc,RT_IQR_GyrX,RT_Min_Acc,RT_Mean_AccX,RT_Var_Gyr,RT_IQR_AccX,RT_Std_Gyr,RT_Skew_Acc,RT_Kurt_Gyr,LS_Mean_Gyr,LS_Max_Acc,LS_IQR_GyrX,LS_Min_Acc,LS_Mean_AccX,LS_Var_Gyr,LS_IQR_AccX,LS_Std_Gyr,LS_Skew_Acc,LS_Kurt_Gyr,RS_Mean_Gyr,RS_Max_Acc,RS_IQR_GyrX,RS_Min_Acc,RS_Mean_AccX,RS_Var_Gyr,RS_IQR_AccX,RS_Std_Gyr,RS_Skew_Acc,RS_Kurt_Gyr,LA_Mean_Gyr,LA_Max_Acc,LA_IQR_GyrX,LA_Min_Acc,LA_Mean_AccX,LA_Var_Gyr,LA_IQR_AccX,LA_Std_Gyr,LA_Skew_Acc,LA_Kurt_Gyr,RA_Mean_Gyr,RA_Max_Acc,RA_IQR_GyrX,RA_Min_Acc,RA_Mean_AccX,RA_Var_Gyr,RA_IQR_AccX,RA_Std_Gyr,RA_Skew_Acc,RA_Kurt_Gyr
0.7980134365849636,1.4366787890484618,0.10037959667852903,0.5928552143517595,0.6374224373605476,0.012409588474812293,0.0239043824701195,0.11139833245974687,0.08583202067328408,2.7627925973699243,0.764368310350951,1.3228897292792876,0.11029260780287464,0.6458654614462013,0.7341528757358341,0.00946759409364198,0.022831050228310557,0.0973015626474826,0.07329799438019335,1.9654433907069748,0.955632597178914,1.4888308166748532,0.057643374437267525,0.5125096444758115,0.6431042684421671,0.00952569404767383,0.019305019305019266,0.09759966212889176,0.5339629393879696,4.671361682024939,0.7534810672150273,1.3948549850178724,0.060532215615557106,0.6773720399649851,0.6445894835150763,0.008569519366618386,0.04088050314465408,0.092571698518599,0.09431662385685341,7.509770256822636,0.9100468862875096,1.4768013757470337,0.044055944055943985,0.7121608409070611,0.6105167530521836,0.0037536293401800188,0.01492537313432829,0.06126686984153849,0.20339091451600208,5.1652858176215055,0.8434684919463987,1.3984574888562855,0.06597054786898626,0.7401954446738486,0.6702681106151301,0.013929952485252486,0.025179856115107868,0.11802521970008141,0.2842305219745842,6.843371456832164
