LT_Mean_Gyr,LT_Max_Acc,LT_IQR_GyrX,LT_Min_Acc,LT_Mean_AccX,LT_Var_Gyr,LT_IQR_AccX,LT_Std_Gyr,LT_Skew_Acc,LT_Kurt_Gyr,RT_Mean_Gyr,RT_Max_Acc,RT_IQR_GyrX,RT_Min_Acc,RT_Mean_AccX,RT_Var_Gyr,RT_IQR_AccX,RT_Std_Gyr,RT_Skew_Acc,RT_Kurt_Gyr,LS_Mean_Gyr,LS_Max_Acc,LS_IQR_GyrX,LS_Min_Acc,LS_Mean_AccX,LS_Var_Gyr,LS_IQR_AccX,LS_Std_Gyr,LS_Skew_Acc,LS_Kurt_Gyr,RS_Mean_Gyr,RS_Max_Acc,RS_IQR_GyrX,RS_Min_Acc,RS_Mean_AccX,RS_Var_Gyr,RS_IQR_AccX,RS_Std_Gyr,RS_Skew_Acc,RS_Kurt_Gyr,LA_Mean_Gyr,LA_Max_Acc,LA_IQR_GyrX,LA_Min_Acc,LA_Mean_AccX,LA_Var_Gyr,LA_IQR_AccX,LA_Std_Gyr,LA_Skew_Acc,LA_Kurt_Gyr,RA_Mean_Gyr,RA_Max_Acc,RA_IQR_GyrX,RA_Min_Acc,RA_Mean_AccX,RA_Var_Gyr,RA_IQR_AccX,RA_Std_Gyr,RA_Skew_Acc,RA_Kurt_Gyr
0.9278298157625409,1.4132250175967427,0.23703624122618533,0.5436082681744836,0.5532773304172052,0.01990742128691423,0.051587301587301626,0.1410936613987823,0.5754765997872796,0.3780618240158389,0.8982430979355587,1.2685627687928724,0.18922704698841214,0.6601803426443297,0.6109507451963921,0.011652822658647267,0.06282722513089012,0.10794824064637305,0.29858404500191066,2.248316911012096,0.907386063911987,1.429936396503293,0.10401962256595088,0.4443530781042309,0.6414175288054693,0.01639139016460988,0.07239819004524894,0.12802886457596147,0.54814830120115,0.672185083300556,0.9004439483622383,1.4089211226513005,0.10786596119929448,0.44392779444511593,0.6635686348936994,0.02571591845796908,0.0490196078431373,0.16036183603952994,1.2165493297408236,1.3647248813666621,0.8910044357024696,1.5595769825695458,0.10718951026544749,0.2956855065262111,0.6739837677815419,0.009430853848625666,0.09055118110236215,0.09711258336912712,-0.25808672390688653,1.5925710675457738,0.8513135819883818,1.461740635074208,0.14518181011272518,0.7162208308078287,0.6032300412102732,0.04331716734410246,0.10373443983402486,0.2081277668743468,0.28721209469038883,0.5968659181804665
