LT_Mean_Gyr,LT_Max_Acc,LT_IQR_GyrX,LT_Min_Acc,LT_Mean_AccX,LT_Var_Gyr,LT_IQR_AccX,LT_Std_Gyr,LT_Skew_Acc,LT_Kurt_Gyr,RT_Mean_Gyr,RT_Max_Acc,RT_IQR_GyrX,RT_Min_Acc,RT_Mean_AccX,RT_Var_Gyr,RT_IQR_AccX,RT_Std_Gyr,RT_Skew_Acc,RT_Kurt_Gyr,LS_Mean_Gyr,LS_Max_Acc,LS_IQR_GyrX,LS_Min_Acc,LS_Mean_AccX,LS_Var_Gyr,LS_IQR_AccX,LS_Std_Gyr,LS_Skew_Acc,LS_Kurt_Gyr,RS_Mean_Gyr,RS_Max_Acc,RS_IQR_GyrX,RS_Min_Acc,RS_Mean_AccX,RS_Var_Gyr,RS_IQR_AccX,RS_Std_Gyr,RS_Skew_Acc,RS_Kurt_Gyr,LA_Mean_Gyr,LA_Max_Acc,LA_IQR_GyrX,LA_Min_Acc,LA_Mean_AccX,LA_Var_Gyr,LA_IQR_AccX,LA_Std_Gyr,LA_Skew_Acc,LA_Kurt_Gyr,RA_Mean_Gyr,RA_Max_Acc,RA_IQR_GyrX,RA_Min_Acc,RA_Mean_AccX,RA_Var_Gyr,RA_IQR_AccX,RA_Std_Gyr,RA_Skew_Acc,RA_Kurt_Gyr
0.9247021355634416,1.548574801465959,0.20904846240540975,0.5771129138811792,0.6210388794928146,0.015820748058485046,0.06825938566552903,0.12578055516845618,0.6935624329134326,0.12231451825638073,0.8128268547186885,1.2939629954440452,0.15404394576905095,0.5424438770172195,0.5810901073655932,0.014564625395690055,0.08755760368663601,0.12068398980680932,-0.020940792341842557,1.7637428347660649,0.8966822689526617,1.5584697891430428,0.1041898311937734,0.5358266281987967,0.670566278258823,0.019460930014559955,0.07958477508650519,0.1395024373068799,0.3892023143484994,0.9356706145106979,0.9885806765911027,1.4219210468664547,0.12179397987106344,0.29411000786211466,0.5426088461170304,0.03371420061371094,0.07795698924731176,0.18361427126917707,0.9318852287992987,2.153015661342393,0.8933293265151018,1.5525042848394563,0.11327076155399785,0.3562091503267974,0.6195626390250234,0.011621533368274392,0.0980392156862746,0.10780321594588164,0.603328330574551,4.146396903621154,0.9164939352592837,1.48124698165635,0.1424926857811586,0.6955025024479844,0.6666397970894662,0.04876664754249341,0.1048951048951049,0.22083171770036433,-0.20841820072191283,0.3742762999998539
