LT_Mean_Gyr,LT_Max_Acc,LT_IQR_GyrX,LT_Min_Acc,LT_Mean_AccX,LT_Var_Gyr,LT_IQR_AccX,LT_Std_Gyr,LT_Skew_Acc,LT_Kurt_Gyr,RT_Mean_Gyr,RT_Max_Acc,RT_IQR_GyrX,RT_Min_Acc,RT_Mean_AccX,RT_Var_Gyr,RT_IQR_AccX,RT_Std_Gyr,RT_Skew_Acc,RT_Kurt_Gyr,LS_Mean_Gyr,LS_Max_Acc,LS_IQR_GyrX,LS_Min_Acc,LS_Mean_AccX,LS_Var_Gyr,LS_IQR_AccX,LS_Std_Gyr,LS_Skew_Acc,LS_Kurt_Gyr,RS_Mean_Gyr,RS_Max_Acc,RS_IQR_GyrX,RS_Min_Acc,RS_Mean_AccX,RS_Var_Gyr,RS_IQR_AccX,RS_Std_Gyr,RS_Skew_Acc,RS_Kurt_Gyr,LA_Mean_Gyr,LA_Max_Acc,LA_IQR_GyrX,LA_Min_Acc,LA_Mean_AccX,LA_Var_Gyr,LA_IQR_AccX,LA_Std_Gyr,LA_Skew_Acc,LA_Kurt_Gyr,RA_Mean_Gyr,RA_Max_Acc,RA_IQR_GyrX,RA_Min_Acc,RA_Mean_AccX,RA_Var_Gyr,RA_IQR_AccX,RA_Std_Gyr,RA_Skew_Acc,RA_Kurt_Gyr
0.9711787810788982,1.4167682592492292,0.23137002407479984,0.7239259353066713,0.5579708344976764,0.014886817486451496,0.08139534883720922,0.12201154652921786,0.6452812687198272,-0.018050983417329913,0.8150835840532253,1.2765046719669515,0.17958695001496566,0.561116343771521,0.5808161518156524,0.01667581599681485,0.08015267175572516,0.12913487521508218,0.12622876162926197,0.16672364327151534,0.9284520677153358,1.5040237254380904,0.13310497291256712,0.43174175288281486,0.6621530461668189,0.018190566901566868,0.0921052631578948,0.13487240971216785,0.26942784895814875,1.1052434305671701,0.982655052547468,1.414213562373095,0.13650386182980934,0.28253873509789645,0.5062283044058744,0.03702457269673817,0.09250000000000003,0.19241770369884934,-0.12254216825485884,1.2731410200260207,0.9109368964158961,1.5810448237920003,0.1441312879058152,0.22846330464553832,0.6445697711891718,0.014502902720173638,0.12758620689655176,0.12042799807425862,0.12271748736144039,1.9778794015138246,0.9059786588688885,1.441910830015496,0.1479692176143651,0.714622655630808,0.5744085447263017,0.06045376192712842,0.11384615384615382,0.24587346731017648,0.033439634421803525,-0.1335380177754213
