LT_Mean_Gyr,LT_Max_Acc,LT_IQR_GyrX,LT_Min_Acc,LT_Mean_AccX,LT_Var_Gyr,LT_IQR_AccX,LT_Std_Gyr,LT_Skew_Acc,LT_Kurt_Gyr,RT_Mean_Gyr,RT_Max_Acc,RT_IQR_GyrX,RT_Min_Acc,RT_Mean_AccX,RT_Var_Gyr,RT_IQR_AccX,RT_Std_Gyr,RT_Skew_Acc,RT_Kurt_Gyr,LS_Mean_Gyr,LS_Max_Acc,LS_IQR_GyrX,LS_Min_Acc,LS_Mean_AccX,LS_Var_Gyr,LS_IQR_AccX,LS_Std_Gyr,LS_Skew_Acc,LS_Kurt_Gyr,RS_Mean_Gyr,RS_Max_Acc,RS_IQR_GyrX,RS_Min_Acc,RS_Mean_AccX,RS_Var_Gyr,RS_IQR_AccX,RS_Std_Gyr,RS_Skew_Acc,RS_Kurt_Gyr,LA_Mean_Gyr,LA_Max_Acc,LA_IQR_GyrX,LA_Min_Acc,LA_Mean_AccX,LA_Var_Gyr,LA_IQR_AccX,LA_Std_Gyr,LA_Skew_Acc,LA_Kurt_Gyr,RA_Mean_Gyr,RA_Max_Acc,RA_IQR_GyrX,RA_Min_Acc,RA_Mean_AccX,RA_Var_Gyr,RA_IQR_AccX,RA_Std_Gyr,RA_Skew_Acc,RA_Kurt_Gyr
0.9461607049329933,1.4983990029121772,0.24495527054804445,0.6251096880410694,0.6078145761360616,0.013688796835038096,0.06874999999999998,0.11699913177044562,0.5990408315724827,-0.018621378504643626,0.7740365862448157,1.3386823298052704,0.14951597931308852,0.5933781718833205,0.6645898815141991,0.017209811180035138,0.0724137931034482,0.13118616992669288,-0.26058937680476496,0.9648194858924319,0.9389712194966471,1.4756474731411284,0.15343560718895838,0.4584568771778055,0.6023123817532058,0.01950516245433302,0.08656716417910448,0.13966088376611763,0.20872230966883124,0.659892103485364,0.9388679137243563,1.4142135623730951,0.13330863892661643,0.21338722106827154,0.504722960403933,0.04022000001795525,0.09750000000000003,0.20054924586733117,0.24587429342926173,0.7542042823724997,0.9272925559032051,1.6293791389779337,0.14022391221927344,0.09879652888612901,0.5859636436945443,0.013979704615110921,0.11598746081504707,0.11823580090273386,0.32565513293758697,1.581488523232891,0.883794373840704,1.4562584127420761,0.1569656891743429,0.6505428228240474,0.607251571176631,0.06236364251495322,0.12337662337662336,0.24972713612051298,-0.07022272403426837,-0.012143875046569441
