LT_Mean_Gyr,LT_Max_Acc,LT_IQR_GyrX,LT_Min_Acc,LT_Mean_AccX,LT_Var_Gyr,LT_IQR_AccX,LT_Std_Gyr,LT_Skew_Acc,LT_Kurt_Gyr,RT_Mean_Gyr,RT_Max_Acc,RT_IQR_GyrX,RT_Min_Acc,RT_Mean_AccX,RT_Var_Gyr,RT_IQR_AccX,RT_Std_Gyr,RT_Skew_Acc,RT_Kurt_Gyr,LS_Mean_Gyr,LS_Max_Acc,LS_IQR_GyrX,LS_Min_Acc,LS_Mean_AccX,LS_Var_Gyr,LS_IQR_AccX,LS_Std_Gyr,LS_Skew_Acc,LS_Kurt_Gyr,RS_Mean_Gyr,RS_Max_Acc,RS_IQR_GyrX,RS_Min_Acc,RS_Mean_AccX,RS_Var_Gyr,RS_IQR_AccX,RS_Std_Gyr,RS_Skew_Acc,RS_Kurt_Gyr,LA_Mean_Gyr,LA_Max_Acc,LA_IQR_GyrX,LA_Min_Acc,LA_Mean_AccX,LA_Var_Gyr,LA_IQR_AccX,LA_Std_Gyr,LA_Skew_Acc,LA_Kurt_Gyr,RA_Mean_Gyr,RA_Max_Acc,RA_IQR_GyrX,RA_Min_Acc,RA_Mean_AccX,RA_Var_Gyr,RA_IQR_AccX,RA_Std_Gyr,RA_Skew_Acc,RA_Kurt_Gyr
1.0006187613359405,1.3529763369592496,0.228773080487631,0.559916139615989,0.5792845670772426,0.019180159012402928,0.05860805860805862,0.13849245110258873,0.5249096060822469,0.15746140994891267,0.8377035128850959,1.3288189707242608,0.1593946842833,0.6837048258270699,0.6237027240498888,0.011693377331887961,0.0628019323671497,0.10813592063642849,0.14229962163568627,2.4698332596075163,0.8995812253415343,1.5008910183578326,0.10361177637467639,0.4208644571154215,0.7027513383029818,0.016539861725356427,0.07421875,0.12860739374295876,0.3547444112908971,0.5465871227910251,0.9792603229077415,1.4142135623730951,0.12337877436616129,0.3601060611015622,0.5401922118418504,0.028131401714672183,0.05630026809651478,0.1677241834520955,1.1066407547239152,1.802677568214305,0.9011187369920401,1.5326947253392105,0.11885979282707865,0.30619081150214605,0.6364106233524287,0.009663341182794829,0.1007194244604317,0.09830229490095757,-0.31296689487460255,2.2339160489710705,0.9274698656231972,1.4444497730213128,0.12441986768045821,0.5828153952047543,0.6790508468782338,0.042070657173442855,0.09964412811387902,0.2051113287301383,0.0596448876610792,0.4179431011143646
