LT_Mean_Gyr,LT_Max_Acc,LT_IQR_GyrX,LT_Min_Acc,LT_Mean_AccX,LT_Var_Gyr,LT_IQR_AccX,LT_Std_Gyr,LT_Skew_Acc,LT_Kurt_Gyr,RT_Mean_Gyr,RT_Max_Acc,RT_IQR_GyrX,RT_Min_Acc,RT_Mean_AccX,RT_Var_Gyr,RT_IQR_AccX,RT_Std_Gyr,RT_Skew_Acc,RT_Kurt_Gyr,LS_Mean_Gyr,LS_Max_Acc,LS_IQR_GyrX,LS_Min_Acc,LS_Mean_AccX,LS_Var_Gyr,LS_IQR_AccX,LS_Std_Gyr,LS_Skew_Acc,LS_Kurt_Gyr,RS_Mean_Gyr,RS_Max_Acc,RS_IQR_GyrX,RS_Min_Acc,RS_Mean_AccX,RS_Var_Gyr,RS_IQR_AccX,RS_Std_Gyr,RS_Skew_Acc,RS_Kurt_Gyr,LA_Mean_Gyr,LA_Max_Acc,LA_IQR_GyrX,LA_Min_Acc,LA_Mean_AccX,LA_Var_Gyr,LA_IQR_AccX,LA_Std_Gyr,LA_Skew_Acc,LA_Kurt_Gyr,RA_Mean_Gyr,RA_Max_Acc,RA_IQR_GyrX,RA_Min_Acc,RA_Mean_AccX,RA_Var_Gyr,RA_IQR_AccX,RA_Std_Gyr,RA_Skew_Acc,RA_Kurt_Gyr
0.9634062518580602,1.585169233716855,0.2330597442259973,0.4241760522914089,0.5624789339873139,0.014048400585903488,0.06424581005586594,0.11852594899811386,0.5920536819382272,0.3316381270689983,0.8132747338144746,1.3328595114920736,0.17843620827399354,0.6254731686241478,0.6464510450275576,0.015345863875789905,0.08185053380782914,0.12387842377020264,-0.11025829972968254,0.08024764149792452,0.9074593844882453,1.5207834960423716,0.14803465504934898,0.45092928502774465,0.6395356395356395,0.01829715982955253,0.09206349206349207,0.1352669946053084,0.21931433185131655,1.169075435800405,0.9955181005745409,1.4142135623730951,0.159878903056151,0.254446767662319,0.5067110292110292,0.03732354021078518,0.10749999999999998,0.19319301284152382,0.0009461618298354374,0.9876508186661002,0.9293219424798321,1.54660430528518,0.12430332370530084,0.24145099615320134,0.5396827657697223,0.01388308850382294,0.10144927536231885,0.1178265186781946,0.5174557064975749,2.0188825571033737,0.9252804141318358,1.4802176368511044,0.16589951799904473,0.6805785277375697,0.6203985442396038,0.05934364203571178,0.13245033112582782,0.2436055049372074,-0.10867169972902861,-0.23669256870069333
