LT_Mean_Gyr,LT_Max_Acc,LT_IQR_GyrX,LT_Min_Acc,LT_Mean_AccX,LT_Var_Gyr,LT_IQR_AccX,LT_Std_Gyr,LT_Skew_Acc,LT_Kurt_Gyr,RT_Mean_Gyr,RT_Max_Acc,RT_IQR_GyrX,RT_Min_Acc,RT_Mean_AccX,RT_Var_Gyr,RT_IQR_AccX,RT_Std_Gyr,RT_Skew_Acc,RT_Kurt_Gyr,LS_Mean_Gyr,LS_Max_Acc,LS_IQR_GyrX,LS_Min_Acc,LS_Mean_AccX,LS_Var_Gyr,LS_IQR_AccX,LS_Std_Gyr,LS_Skew_Acc,LS_Kurt_Gyr,RS_Mean_Gyr,RS_Max_Acc,RS_IQR_GyrX,RS_Min_Acc,RS_Mean_AccX,RS_Var_Gyr,RS_IQR_AccX,RS_Std_Gyr,RS_Skew_Acc,RS_Kurt_Gyr,LA_Mean_Gyr,LA_Max_Acc,LA_IQR_GyrX,LA_Min_Acc,LA_Mean_AccX,LA_Var_Gyr,LA_IQR_AccX,LA_Std_Gyr,LA_Skew_Acc,LA_Kurt_Gyr,RA_Mean_Gyr,RA_Max_Acc,RA_IQR_GyrX,RA_Min_Acc,RA_Mean_AccX,RA_Var_Gyr,RA_IQR_AccX,RA_Std_Gyr,RA_Skew_Acc,RA_Kurt_Gyr
0.964967375069247,1.3824341322286302,0.23106299604821834,0.5229210587984057,0.6217080587596164,0.019489682469776667,0.06343283582089543,0.13960545286548326,0.5227845458585659,-0.14727810043290734,0.8674888580821882,1.3249245611716438,0.17592932033140263,0.6369919993747537,0.6427503422317985,0.012838110292411466,0.05836575875486383,0.11330538509890634,0.12999750513441047,1.8658841913391733,0.9521225104600304,1.4309221681041426,0.11771068698620257,0.5083169062468351,0.6345267858546786,0.015246178925516496,0.0852713178294573,0.1234754183046832,0.33497572945160087,0.5780747160446373,0.9757395958429784,1.3849637313459973,0.13491985203452528,0.36899110023492077,0.5725565534735271,0.027651298850185132,0.06798866855524077,0.16628679698095436,0.716153586245472,1.4700660840818918,0.9087038333435635,1.554518685524457,0.1321008007536505,0.30496453900709225,0.6781305495215124,0.010872997398393083,0.10992907801418439,0.10427366589121667,-0.1827816128014103,1.5006965782564192,0.9311076790211477,1.4761021154803617,0.15389760740931313,0.7703816872762097,0.6834673885209339,0.0404280663130252,0.10752688172043001,0.20106731786400595,0.15855201876415265,0.26252779872843224
