LT_Mean_Gyr,LT_Max_Acc,LT_IQR_GyrX,LT_Min_Acc,LT_Mean_AccX,LT_Var_Gyr,LT_IQR_AccX,LT_Std_Gyr,LT_Skew_Acc,LT_Kurt_Gyr,RT_Mean_Gyr,RT_Max_Acc,RT_IQR_GyrX,RT_Min_Acc,RT_Mean_AccX,RT_Var_Gyr,RT_IQR_AccX,RT_Std_Gyr,RT_Skew_Acc,RT_Kurt_Gyr,LS_Mean_Gyr,LS_Max_Acc,LS_IQR_GyrX,LS_Min_Acc,LS_Mean_AccX,LS_Var_Gyr,LS_IQR_AccX,LS_Std_Gyr,LS_Skew_Acc,LS_Kurt_Gyr,RS_Mean_Gyr,RS_Max_Acc,RS_IQR_GyrX,RS_Min_Acc,RS_Mean_AccX,RS_Var_Gyr,RS_IQR_AccX,RS_Std_Gyr,RS_Skew_Acc,RS_Kurt_Gyr,LA_Mean_Gyr,LA_Max_Acc,LA_IQR_GyrX,LA_Min_Acc,LA_Mean_AccX,LA_Var_Gyr,LA_IQR_AccX,LA_Std_Gyr,LA_Skew_Acc,LA_Kurt_Gyr,RA_Mean_Gyr,RA_Max_Acc,RA_IQR_GyrX,RA_Min_Acc,RA_Mean_AccX,RA_Var_Gyr,RA_IQR_AccX,RA_Std_Gyr,RA_Skew_Acc,RA_Kurt_Gyr
0.9237715217657456,1.43127193744799,0.2437167006053168,0.5286548112489438,0.5378684708024086,0.01603388977386523,0.07499999999999996,0.12662499663915192,0.5927590315665299,0.19121676970940804,0.846132018325396,1.4355860488387966,0.1709090909090909,0.5828112857493609,0.6075222818120801,0.014604674919889078,0.07836990595611282,0.12084980314377462,-0.0721872486582381,0.3047595297983925,0.8851427201585229,1.521891048845044,0.1568247595929418,0.4178511126219967,0.6144106004146445,0.017676900592487704,0.10365853658536583,0.13295450572465645,0.1342052822093141,1.4307075018255073,0.9669041026661837,1.4168533718104601,0.16033341505270898,0.35722295025638545,0.5026606917798627,0.0346638420545922,0.10249999999999998,0.18618228179553553,0.3835084743766564,0.7817731761516784,0.9392317789164586,1.5841642374958937,0.13618973177554716,0.0,0.5744009134682709,0.012992215676532233,0.12,0.11398340088158553,0.21850797149985277,2.2259279855472762,0.9131219958743613,1.4748660461123653,0.17607292393579904,0.6425327815472567,0.6193824347818805,0.053930802648208785,0.1495016611295681,0.23223006404901322,0.03167744724776614,-0.07455569617016922
