LT_Mean_Gyr,LT_Max_Acc,LT_IQR_GyrX,LT_Min_Acc,LT_Mean_AccX,LT_Var_Gyr,LT_IQR_AccX,LT_Std_Gyr,LT_Skew_Acc,LT_Kurt_Gyr,RT_Mean_Gyr,RT_Max_Acc,RT_IQR_GyrX,RT_Min_Acc,RT_Mean_AccX,RT_Var_Gyr,RT_IQR_AccX,RT_Std_Gyr,RT_Skew_Acc,RT_Kurt_Gyr,LS_Mean_Gyr,LS_Max_Acc,LS_IQR_GyrX,LS_Min_Acc,LS_Mean_AccX,LS_Var_Gyr,LS_IQR_AccX,LS_Std_Gyr,LS_Skew_Acc,LS_Kurt_Gyr,RS_Mean_Gyr,RS_Max_Acc,RS_IQR_GyrX,RS_Min_Acc,RS_Mean_AccX,RS_Var_Gyr,RS_IQR_AccX,RS_Std_Gyr,RS_Skew_Acc,RS_Kurt_Gyr,LA_Mean_Gyr,LA_Max_Acc,LA_IQR_GyrX,LA_Min_Acc,LA_Mean_AccX,LA_Var_Gyr,LA_IQR_AccX,LA_Std_Gyr,LA_Skew_Acc,LA_Kurt_Gyr,RA_Mean_Gyr,RA_Max_Acc,RA_IQR_GyrX,RA_Min_Acc,RA_Mean_AccX,RA_Var_Gyr,RA_IQR_AccX,RA_Std_Gyr,RA_Skew_Acc,RA_Kurt_Gyr
0.9400324230106023,1.4303425691868425,0.23245268582487566,0.5816723746915354,0.4997999904757369,0.019911374254158072,0.09000000000000002,0.1411076690125596,0.36646829711268997,-0.0320835638825252,0.7838475639647928,1.4051395691144488,0.16620042997383894,0.5449339017448837,0.5710205661967339,0.014945674675206572,0.09275362318840574,0.12225250375843667,0.20550005121478324,0.13257505263611602,0.8810492848256762,1.5305954103751558,0.191031616650977,0.19772666527276717,0.5331035267130249,0.018526900688425503,0.10372340425531923,0.1361135580624704,0.0589797326496869,1.9400299509291967,0.9605562800575004,1.4142135623730951,0.1686789133867712,0.36368444804296896,0.5065647173674938,0.0397888297217037,0.1375,0.19947137569511997,0.21646937607679542,0.9018389629139447,0.9449945914695719,1.5601566629457528,0.19038224414303329,0.0,0.47024362271219267,0.01725102983686854,0.11979166666666669,0.13134317582907967,0.3069358571010256,1.6512030168884761,0.9221923830306088,1.4559883181619941,0.17607491954344656,0.5136056701570426,0.5399200956975208,0.05486587378295473,0.14626865671641792,0.23423465538419957,-0.027034070195918358,-0.35314920761049695
