LT_Mean_Gyr,LT_Max_Acc,LT_IQR_GyrX,LT_Min_Acc,LT_Mean_AccX,LT_Var_Gyr,LT_IQR_AccX,LT_Std_Gyr,LT_Skew_Acc,LT_Kurt_Gyr,RT_Mean_Gyr,RT_Max_Acc,RT_IQR_GyrX,RT_Min_Acc,RT_Mean_AccX,RT_Var_Gyr,RT_IQR_AccX,RT_Std_Gyr,RT_Skew_Acc,RT_Kurt_Gyr,LS_Mean_Gyr,LS_Max_Acc,LS_IQR_GyrX,LS_Min_Acc,LS_Mean_AccX,LS_Var_Gyr,LS_IQR_AccX,LS_Std_Gyr,LS_Skew_Acc,LS_Kurt_Gyr,RS_Mean_Gyr,RS_Max_Acc,RS_IQR_GyrX,RS_Min_Acc,RS_Mean_AccX,RS_Var_Gyr,RS_IQR_AccX,RS_Std_Gyr,RS_Skew_Acc,RS_Kurt_Gyr,LA_Mean_Gyr,LA_Max_Acc,LA_IQR_GyrX,LA_Min_Acc,LA_Mean_AccX,LA_Var_Gyr,LA_IQR_AccX,LA_Std_Gyr,LA_Skew_Acc,LA_Kurt_Gyr,RA_Mean_Gyr,RA_Max_Acc,RA_IQR_GyrX,RA_Min_Acc,RA_Mean_AccX,RA_Var_Gyr,RA_IQR_AccX,RA_Std_Gyr,RA_Skew_Acc,RA_Kurt_Gyr
0.9274441297278164,1.442948415972611,0.20561065605945616,0.696187822246878,0.7532145303655533,0.03324557623307128,0.09160305343511443,0.18233369472774713,-0.09278594023284381,0.4330651487715187,0.8960920552673184,1.3602560626266584,0.2020272258030007,0.3506329661774219,0.585189458995277,0.010457461568499454,0.16666666666666674,0.10226173071339764,-0.39877964274660394,0.01960475158087771,0.9370598369727753,1.4523174546527529,0.13144901753053356,0.52781415041138,0.6244146338527224,0.012326308472569355,0.10591900311526481,0.11102390946354462,0.26352777039309894,1.1716646540294562,0.9342584296826613,1.4421016567724219,0.15844495262985947,0.5793205282912027,0.6263799954005692,0.025858794270493264,0.10216718266253877,0.16080669846276077,-0.06662551614416368,1.1597860784562881,1.015850865947044,1.546720782076586,0.1691286705179204,0.4198248393401171,0.5837783049081784,0.01584404822484091,0.15409836065573768,0.1258731433819022,-0.8318147093835121,2.787474015341421,0.8979219148898006,1.566899840803844,0.09703763010408328,0.40180847915127854,0.47244081866323173,0.058452821970762014,0.16266666666666674,0.24177018420550125,0.08006235489866718,-0.236291957966142
