LT_Mean_Gyr,LT_Max_Acc,LT_IQR_GyrX,LT_Min_Acc,LT_Mean_AccX,LT_Var_Gyr,LT_IQR_AccX,LT_Std_Gyr,LT_Skew_Acc,LT_Kurt_Gyr,RT_Mean_Gyr,RT_Max_Acc,RT_IQR_GyrX,RT_Min_Acc,RT_Mean_AccX,RT_Var_Gyr,RT_IQR_AccX,RT_Std_Gyr,RT_Skew_Acc,RT_Kurt_Gyr,LS_Mean_Gyr,LS_Max_Acc,LS_IQR_GyrX,LS_Min_Acc,LS_Mean_AccX,LS_Var_Gyr,LS_IQR_AccX,LS_Std_Gyr,LS_Skew_Acc,LS_Kurt_Gyr,RS_Mean_Gyr,RS_Max_Acc,RS_IQR_GyrX,RS_Min_Acc,RS_Mean_AccX,RS_Var_Gyr,RS_IQR_AccX,RS_Std_Gyr,RS_Skew_Acc,RS_Kurt_Gyr,LA_Mean_Gyr,LA_Max_Acc,LA_IQR_GyrX,LA_Min_Acc,LA_Mean_AccX,LA_Var_Gyr,LA_IQR_AccX,LA_Std_Gyr,LA_Skew_Acc,LA_Kurt_Gyr,RA_Mean_Gyr,RA_Max_Acc,RA_IQR_GyrX,RA_Min_Acc,RA_Mean_AccX,RA_Var_Gyr,RA_IQR_AccX,RA_Std_Gyr,RA_Skew_Acc,RA_Kurt_Gyr
0.9446518140072967,1.4094868116891572,0.16462236937818242,0.6076359851876629,0.6594320923157296,0.035105796121108125,0.10264900662251653,0.1873654080162828,0.17919662523733657,0.6897126333108838,0.9260620444169079,1.3969558524294021,0.23962764407668546,0.2837135968232137,0.5330351838775121,0.013625537446794194,0.2028985507246377,0.11672847744571242,-0.40926297128424327,0.10370509305079789,0.9179739853600495,1.4430927182380218,0.1631718871809223,0.5004051789989855,0.5908043767761777,0.016293624826484967,0.14792899408284022,0.12764648379992677,0.1715672969972663,0.8747906281346864,0.917244995925141,1.4202952360297192,0.2007994638326392,0.610035222970368,0.625887778187364,0.02363844046873349,0.14174454828660432,0.1537479771207852,-0.3025053235789192,1.4283373044558685,1.0010869731078016,1.5398016614485286,0.18231155176204855,0.38207968878474485,0.56142334752476,0.017999895776174953,0.19741100323624594,0.1341636902301623,-0.9402318962851939,2.7989796417836663,0.9037724098096328,1.5804582997403542,0.13515228426395937,0.3778655554029889,0.4324861318854747,0.059629729421510506,0.20050761421319796,0.2441919929512647,0.007306445570595041,-0.4568724952512495
