LT_Mean_Gyr,LT_Max_Acc,LT_IQR_GyrX,LT_Min_Acc,LT_Mean_AccX,LT_Var_Gyr,LT_IQR_AccX,LT_Std_Gyr,LT_Skew_Acc,LT_Kurt_Gyr,RT_Mean_Gyr,RT_Max_Acc,RT_IQR_GyrX,RT_Min_Acc,RT_Mean_AccX,RT_Var_Gyr,RT_IQR_AccX,RT_Std_Gyr,RT_Skew_Acc,RT_Kurt_Gyr,LS_Mean_Gyr,LS_Max_Acc,LS_IQR_GyrX,LS_Min_Acc,LS_Mean_AccX,LS_Var_Gyr,LS_IQR_AccX,LS_Std_Gyr,LS_Skew_Acc,LS_Kurt_Gyr,RS_Mean_Gyr,RS_Max_Acc,RS_IQR_GyrX,RS_Min_Acc,RS_Mean_AccX,RS_Var_Gyr,RS_IQR_AccX,RS_Std_Gyr,RS_Skew_Acc,RS_Kurt_Gyr,LA_Mean_Gyr,LA_Max_Acc,LA_IQR_GyrX,LA_Min_Acc,LA_Mean_AccX,LA_Var_Gyr,LA_IQR_AccX,LA_Std_Gyr,LA_Skew_Acc,LA_Kurt_Gyr,RA_Mean_Gyr,RA_Max_Acc,RA_IQR_GyrX,RA_Min_Acc,RA_Mean_AccX,RA_Var_Gyr,RA_IQR_AccX,RA_Std_Gyr,RA_Skew_Acc,RA_Kurt_Gyr
0.9193496581828327,1.4626751981852746,0.1749634043255056,0.6678861155732252,0.5208001034709164,0.02359319782083635,0.09020618556701027,0.15360077415441742,0.021969004375297068,0.5654459968093088,0.8484004310246247,1.3342675201738157,0.2745499850221944,0.49591746853594953,0.5572560274127464,0.013983228952141028,0.13675213675213677,0.11825070381245528,-0.33142275707526386,-0.17960688950939252,0.9476070718906187,1.5103847472493022,0.2313300817558519,0.38085511650721704,0.5807087642699513,0.02007334304657387,0.20512820512820518,0.14168042577072484,0.08101624225242214,0.2779026855853317,0.9430955884842664,1.4584634535116485,0.1729765926399744,0.02473498233215543,0.34432610271288033,0.014675763325636386,0.5988023952095809,0.12114356493696389,-0.3217146187272059,2.258347726804729,0.9780533691554574,1.5229301780742157,0.20350010994063206,0.2844793736304788,0.4687477569725786,0.02221759296731813,0.1880108991825613,0.14905567069829356,-0.4898478790733454,1.9026126794088327,0.9507658441713187,1.6043086517250975,0.13423790461869822,0.39366037431358153,0.41982515005001664,0.05588168150289721,0.20749999999999996,0.23639306568276747,0.017354343751053082,-0.6054536851038743
