LT_Mean_Gyr,LT_Max_Acc,LT_IQR_GyrX,LT_Min_Acc,LT_Mean_AccX,LT_Var_Gyr,LT_IQR_AccX,LT_Std_Gyr,LT_Skew_Acc,LT_Kurt_Gyr,RT_Mean_Gyr,RT_Max_Acc,RT_IQR_GyrX,RT_Min_Acc,RT_Mean_AccX,RT_Var_Gyr,RT_IQR_AccX,RT_Std_Gyr,RT_Skew_Acc,RT_Kurt_Gyr,LS_Mean_Gyr,LS_Max_Acc,LS_IQR_GyrX,LS_Min_Acc,LS_Mean_AccX,LS_Var_Gyr,LS_IQR_AccX,LS_Std_Gyr,LS_Skew_Acc,LS_Kurt_Gyr,RS_Mean_Gyr,RS_Max_Acc,RS_IQR_GyrX,RS_Min_Acc,RS_Mean_AccX,RS_Var_Gyr,RS_IQR_AccX,RS_Std_Gyr,RS_Skew_Acc,RS_Kurt_Gyr,LA_Mean_Gyr,LA_Max_Acc,LA_IQR_GyrX,LA_Min_Acc,LA_Mean_AccX,LA_Var_Gyr,LA_IQR_AccX,LA_Std_Gyr,LA_Skew_Acc,LA_Kurt_Gyr,RA_Mean_Gyr,RA_Max_Acc,RA_IQR_GyrX,RA_Min_Acc,RA_Mean_AccX,RA_Var_Gyr,RA_IQR_AccX,RA_Std_Gyr,RA_Skew_Acc,RA_Kurt_Gyr
0.9324217112647959,1.437090622954658,0.17118283547581614,0.6503583613538508,0.7460275284109481,0.028268657296394845,0.09523809523809523,0.1681328560882579,0.012093018564018978,1.823473709518555,0.952332267959307,1.3961428528820476,0.2243512974051896,0.4282026889334123,0.5182818045512346,0.013373765925551347,0.130952380952381,0.11564499957002614,0.3428879773020804,0.6560549235812236,0.9453118373903113,1.41270852485789,0.0960081555959782,0.5174426396758864,0.5998536654903661,0.009162859310475347,0.07664233576642332,0.09572282544135097,0.5400207636529255,1.5016423490665884,0.8907802932909359,1.4219702926001296,0.16041422988046672,0.7151825331822981,0.6511282509999831,0.0169288743859163,0.08469055374592838,0.13011100793521008,0.08159997581946993,1.9139851887979855,1.004055286744014,1.4571343595760236,0.13970274098891455,0.481143674323607,0.6075008657358102,0.014000563956105948,0.11147540983606563,0.11832397878750507,-0.9498543578909718,2.2925924599658947,0.8573540959842432,1.5376995959361548,0.08180542058093082,0.3499382779593648,0.49429093386974043,0.05306135047201615,0.1378299120234604,0.2303504948377931,0.0611449789973075,0.28568497456565867
