LT_Mean_Gyr,LT_Max_Acc,LT_IQR_GyrX,LT_Min_Acc,LT_Mean_AccX,LT_Var_Gyr,LT_IQR_AccX,LT_Std_Gyr,LT_Skew_Acc,LT_Kurt_Gyr,RT_Mean_Gyr,RT_Max_Acc,RT_IQR_GyrX,RT_Min_Acc,RT_Mean_AccX,RT_Var_Gyr,RT_IQR_AccX,RT_Std_Gyr,RT_Skew_Acc,RT_Kurt_Gyr,LS_Mean_Gyr,LS_Max_Acc,LS_IQR_GyrX,LS_Min_Acc,LS_Mean_AccX,LS_Var_Gyr,LS_IQR_AccX,LS_Std_Gyr,LS_Skew_Acc,LS_Kurt_Gyr,RS_Mean_Gyr,RS_Max_Acc,RS_IQR_GyrX,RS_Min_Acc,RS_Mean_AccX,RS_Var_Gyr,RS_IQR_AccX,RS_Std_Gyr,RS_Skew_Acc,RS_Kurt_Gyr,LA_Mean_Gyr,LA_Max_Acc,LA_IQR_GyrX,LA_Min_Acc,LA_Mean_AccX,LA_Var_Gyr,LA_IQR_AccX,LA_Std_Gyr,LA_Skew_Acc,LA_Kurt_Gyr,RA_Mean_Gyr,RA_Max_Acc,RA_IQR_GyrX,RA_Min_Acc,RA_Mean_AccX,RA_Var_Gyr,RA_IQR_AccX,RA_Std_Gyr,RA_Skew_Acc,RA_Kurt_Gyr
0.9275898753688555,1.3771201503996848,0.1486463786780145,0.6992695082025007,0.7094722963527766,0.02900548008755876,0.09166666666666667,0.17030995299030166,0.23640538829587904,0.7946446632730519,0.9002007550800387,1.376488664829186,0.26811168546365904,0.333861584967196,0.5476543260759806,0.01474828945645076,0.16756756756756752,0.12144253561438331,-0.22887819705299545,0.1973733303628018,0.9404695283134002,1.4578511826092735,0.11804625502228794,0.5284141039967106,0.6180207913936504,0.010763177147879572,0.09034267912772587,0.10374573315505352,0.41034245065098285,1.3906491132097178,0.8772934948399469,1.458986636722726,0.20191667591257068,0.627820827628537,0.6402394591177364,0.021627647697241077,0.12658227848101267,0.14706341386368357,-0.13670453550861833,1.0682308834280212,1.017870474459461,1.5165095214764845,0.1735568134264256,0.37518143957842415,0.5847290363305688,0.015353448507753147,0.15409836065573768,0.12390903319674941,-0.9060511597658656,2.5002105935471306,0.8834656684242687,1.6166632696857501,0.10855859655041533,0.28439829265731414,0.4945403247078472,0.056862049778196505,0.1792717086834733,0.2384576477662155,-0.016184622166345277,-0.30895679844395163
