LT_Mean_Gyr,LT_Max_Acc,LT_IQR_GyrX,LT_Min_Acc,LT_Mean_AccX,LT_Var_Gyr,LT_IQR_AccX,LT_Std_Gyr,LT_Skew_Acc,LT_Kurt_Gyr,RT_Mean_Gyr,RT_Max_Acc,RT_IQR_GyrX,RT_Min_Acc,RT_Mean_AccX,RT_Var_Gyr,RT_IQR_AccX,RT_Std_Gyr,RT_Skew_Acc,RT_Kurt_Gyr,LS_Mean_Gyr,LS_Max_Acc,LS_IQR_GyrX,LS_Min_Acc,LS_Mean_AccX,LS_Var_Gyr,LS_IQR_AccX,LS_Std_Gyr,LS_Skew_Acc,LS_Kurt_Gyr,RS_Mean_Gyr,RS_Max_Acc,RS_IQR_GyrX,RS_Min_Acc,RS_Mean_AccX,RS_Var_Gyr,RS_IQR_AccX,RS_Std_Gyr,RS_Skew_Acc,RS_Kurt_Gyr,LA_Mean_Gyr,LA_Max_Acc,LA_IQR_GyrX,LA_Min_Acc,LA_Mean_AccX,LA_Var_Gyr,LA_IQR_AccX,LA_Std_Gyr,LA_Skew_Acc,LA_Kurt_Gyr,RA_Mean_Gyr,RA_Max_Acc,RA_IQR_GyrX,RA_Min_Acc,RA_Mean_AccX,RA_Var_Gyr,RA_IQR_AccX,RA_Std_Gyr,RA_Skew_Acc,RA_Kurt_Gyr
0.9439334058606691,1.4228170062155538,0.15725712510677953,0.712568506523741,0.6574703534108254,0.03407881866308688,0.1029411764705882,0.1846044925322428,0.2764821314781409,0.8688433204716426,0.9245789984756468,1.3215105496796387,0.25451120364862184,0.3883954571036464,0.5876266605544892,0.015270900243662643,0.1770334928229665,0.12357548399121342,-0.3089482222363347,0.046927337394225166,0.9066343103060082,1.4746474662990963,0.13976452715533616,0.52137728276043,0.6107650959479217,0.015147983502442995,0.1063829787234043,0.123077144516937,0.3719275157703127,1.0853987351919896,0.9394723963482347,1.459932946903296,0.1905103742126713,0.5704953746254398,0.6520530367835757,0.017108118805611233,0.11363636363636365,0.13079800765153585,-0.15091470666453072,1.665013019191477,0.9880648219900343,1.4773633995293263,0.1667211106574112,0.487012987012987,0.5712367472846516,0.01688858330725106,0.17532467532467527,0.12995608222492344,-0.8190354696279601,3.386293178764479,0.9107890710197338,1.659602468299755,0.12000673840257747,0.20867537924363377,0.47447242501298775,0.05395660953201834,0.20547945205479456,0.23228562058814217,-0.13459412010731253,-0.3825659267950998
