LT_Mean_Gyr,LT_Max_Acc,LT_IQR_GyrX,LT_Min_Acc,LT_Mean_AccX,LT_Var_Gyr,LT_IQR_AccX,LT_Std_Gyr,LT_Skew_Acc,LT_Kurt_Gyr,RT_Mean_Gyr,RT_Max_Acc,RT_IQR_GyrX,RT_Min_Acc,RT_Mean_AccX,RT_Var_Gyr,RT_IQR_AccX,RT_Std_Gyr,RT_Skew_Acc,RT_Kurt_Gyr,LS_Mean_Gyr,LS_Max_Acc,LS_IQR_GyrX,LS_Min_Acc,LS_Mean_AccX,LS_Var_Gyr,LS_IQR_AccX,LS_Std_Gyr,LS_Skew_Acc,LS_Kurt_Gyr,RS_Mean_Gyr,RS_Max_Acc,RS_IQR_GyrX,RS_Min_Acc,RS_Mean_AccX,RS_Var_Gyr,RS_IQR_AccX,RS_Std_Gyr,RS_Skew_Acc,RS_Kurt_Gyr,LA_Mean_Gyr,LA_Max_Acc,LA_IQR_GyrX,LA_Min_Acc,LA_Mean_AccX,LA_Var_Gyr,LA_IQR_AccX,LA_Std_Gyr,LA_Skew_Acc,LA_Kurt_Gyr,RA_Mean_Gyr,RA_Max_Acc,RA_IQR_GyrX,RA_Min_Acc,RA_Mean_AccX,RA_Var_Gyr,RA_IQR_AccX,RA_Std_Gyr,RA_Skew_Acc,RA_Kurt_Gyr
0.9158833743876816,1.5102530411019388,0.15071073383896727,0.7347931345726937,0.711932396511449,0.03055813446075839,0.09025270758122739,0.17480885120827946,0.21175959373259962,0.8237245674917246,0.8913999861307286,1.3608557754367918,0.18944688074692312,0.3257641171222595,0.5553301780482308,0.01191851932321543,0.19047619047619052,0.10917197132604793,-0.3226052010614815,0.6626105007059278,0.921289051329937,1.451416668570741,0.12707138145401486,0.5000297185045656,0.5960216845358833,0.013816267933266287,0.11011904761904756,0.11754262177298194,0.26148937704775443,1.2529980933589497,0.9247804964978461,1.42692913654335,0.19143454377521746,0.5926189430900799,0.6365946029219194,0.019367699586521635,0.11392405063291133,0.13916788274067274,-0.1933573545581558,1.9501532974001181,1.0370870045808807,1.5161291246044566,0.1835843564105809,0.45084674989202317,0.5729353810489712,0.015120252761326423,0.17857142857142855,0.12296443697804021,-0.9208967694975403,2.957010221957657,0.9064740950129653,1.509073582803695,0.11347372306178105,0.28848743473503313,0.45948707436019165,0.05263171777179718,0.1888297872340426,0.22941603643119018,-0.10186769076484829,-0.36682697085832006
