LT_Mean_Gyr,LT_Max_Acc,LT_IQR_GyrX,LT_Min_Acc,LT_Mean_AccX,LT_Var_Gyr,LT_IQR_AccX,LT_Std_Gyr,LT_Skew_Acc,LT_Kurt_Gyr,RT_Mean_Gyr,RT_Max_Acc,RT_IQR_GyrX,RT_Min_Acc,RT_Mean_AccX,RT_Var_Gyr,RT_IQR_AccX,RT_Std_Gyr,RT_Skew_Acc,RT_Kurt_Gyr,LS_Mean_Gyr,LS_Max_Acc,LS_IQR_GyrX,LS_Min_Acc,LS_Mean_AccX,LS_Var_Gyr,LS_IQR_AccX,LS_Std_Gyr,LS_Skew_Acc,LS_Kurt_Gyr,RS_Mean_Gyr,RS_Max_Acc,RS_IQR_GyrX,RS_Min_Acc,RS_Mean_AccX,RS_Var_Gyr,RS_IQR_AccX,RS_Std_Gyr,RS_Skew_Acc,RS_Kurt_Gyr,LA_Mean_Gyr,LA_Max_Acc,LA_IQR_GyrX,LA_Min_Acc,LA_Mean_AccX,LA_Var_Gyr,LA_IQR_AccX,LA_Std_Gyr,LA_Skew_Acc,LA_Kurt_Gyr,RA_Mean_Gyr,RA_Max_Acc,RA_IQR_GyrX,RA_Min_Acc,RA_Mean_AccX,RA_Var_Gyr,RA_IQR_AccX,RA_Std_Gyr,RA_Skew_Acc,RA_Kurt_Gyr
1.06620577552497,1.4448065099457514,0.1777657527657528,0.40685398641102627,0.48862669236477074,0.027010278657666312,0.0784313725490196,0.1643480412346503,0.4696400507544755,1.0144902581016426,0.9551266312245391,1.3719276801222213,0.1972572999243118,0.5104220106152795,0.545205370211737,0.008709556897415304,0.07801418439716312,0.09332500681711897,0.7443159445317014,1.1207222636647707,0.9508074325228598,1.376634828853729,0.09212043677249626,0.39410724682904186,0.5034254910944391,0.021605396403017948,0.05263157894736842,0.14698774235635415,1.224009567908432,1.0062811990448903,0.8202841747059643,1.276244715636263,0.10949946786209563,0.6881681105857849,0.6365120189929766,0.026525184648470812,0.053475935828877,0.16286554162397524,0.6352054536313089,0.33911382705295967,0.8608085055144451,1.2350688617210315,0.09146410965149748,0.31288343558282206,0.5588540936511857,0.01880264410450696,0.10429447852760731,0.13712273372605638,-0.3710729674369959,1.3658839379907848,0.8884802400117544,1.3545509114720564,0.13067828251400126,0.3616388521029097,0.5592179815579542,0.029909823027298287,0.08695652173913049,0.17294456634221927,0.22705418695559837,0.7996940567414601
