LT_Mean_Gyr,LT_Max_Acc,LT_IQR_GyrX,LT_Min_Acc,LT_Mean_AccX,LT_Var_Gyr,LT_IQR_AccX,LT_Std_Gyr,LT_Skew_Acc,LT_Kurt_Gyr,RT_Mean_Gyr,RT_Max_Acc,RT_IQR_GyrX,RT_Min_Acc,RT_Mean_AccX,RT_Var_Gyr,RT_IQR_AccX,RT_Std_Gyr,RT_Skew_Acc,RT_Kurt_Gyr,LS_Mean_Gyr,LS_Max_Acc,LS_IQR_GyrX,LS_Min_Acc,LS_Mean_AccX,LS_Var_Gyr,LS_IQR_AccX,LS_Std_Gyr,LS_Skew_Acc,LS_Kurt_Gyr,RS_Mean_Gyr,RS_Max_Acc,RS_IQR_GyrX,RS_Min_Acc,RS_Mean_AccX,RS_Var_Gyr,RS_IQR_AccX,RS_Std_Gyr,RS_Skew_Acc,RS_Kurt_Gyr,LA_Mean_Gyr,LA_Max_Acc,LA_IQR_GyrX,LA_Min_Acc,LA_Mean_AccX,LA_Var_Gyr,LA_IQR_AccX,LA_Std_Gyr,LA_Skew_Acc,LA_Kurt_Gyr,RA_Mean_Gyr,RA_Max_Acc,RA_IQR_GyrX,RA_Min_Acc,RA_Mean_AccX,RA_Var_Gyr,RA_IQR_AccX,RA_Std_Gyr,RA_Skew_Acc,RA_Kurt_Gyr
1.0197421749625455,1.4801367976330326,0.2625779124625504,0.2640352121761211,0.5844454599563893,0.03990080681963942,0.11344537815126043,0.19975186311931967,-0.7591124564785938,-0.23261564826546843,0.9921522553637511,1.430924061999132,0.13920910724985025,0.49952494516623835,0.5756397539669921,0.015635194134374263,0.11278195488721798,0.12504076988876173,0.325422787300916,0.31799995122313174,0.8327325202774446,1.3883781643963204,0.11624560281419893,0.4892623217841578,0.5895478267131744,0.0375368756583633,0.09515570934256057,0.19374435645551924,0.38033170405932765,-0.23658769045498085,0.8630295926294225,1.3424315300512684,0.12087209016191747,0.5307694604011118,0.5440844220414419,0.04252568478810345,0.05929919137466311,0.20621756663316404,-1.7496630966632274,0.282431256806436,0.865185409141336,1.497489935083357,0.15277980294540378,0.2621461050743167,0.6363101524843474,0.02726452337724071,0.1428571428571428,0.165119724373682,-0.8215398269295167,1.2443203257577977,0.924761515505722,1.3799465851031403,0.24593859094532566,0.4302086676139869,0.5658583595099471,0.026113756637724434,0.13245033112582782,0.1615975143302781,-0.07250565704701996,-0.2476336720889032
