LT_Mean_Gyr,LT_Max_Acc,LT_IQR_GyrX,LT_Min_Acc,LT_Mean_AccX,LT_Var_Gyr,LT_IQR_AccX,LT_Std_Gyr,LT_Skew_Acc,LT_Kurt_Gyr,RT_Mean_Gyr,RT_Max_Acc,RT_IQR_GyrX,RT_Min_Acc,RT_Mean_AccX,RT_Var_Gyr,RT_IQR_AccX,RT_Std_Gyr,RT_Skew_Acc,RT_Kurt_Gyr,LS_Mean_Gyr,LS_Max_Acc,LS_IQR_GyrX,LS_Min_Acc,LS_Mean_AccX,LS_Var_Gyr,LS_IQR_AccX,LS_Std_Gyr,LS_Skew_Acc,LS_Kurt_Gyr,RS_Mean_Gyr,RS_Max_Acc,RS_IQR_GyrX,RS_Min_Acc,RS_Mean_AccX,RS_Var_Gyr,RS_IQR_AccX,RS_Std_Gyr,RS_Skew_Acc,RS_Kurt_Gyr,LA_Mean_Gyr,LA_Max_Acc,LA_IQR_GyrX,LA_Min_Acc,LA_Mean_AccX,LA_Var_Gyr,LA_IQR_AccX,LA_Std_Gyr,LA_Skew_Acc,LA_Kurt_Gyr,RA_Mean_Gyr,RA_Max_Acc,RA_IQR_GyrX,RA_Min_Acc,RA_Mean_AccX,RA_Var_Gyr,RA_IQR_AccX,RA_Std_Gyr,RA_Skew_Acc,RA_Kurt_Gyr
1.0544794257698868,1.4315784370491607,0.15229963260307522,0.4637028743930108,0.562896457027926,0.029784230866964464,0.09352517985611508,0.17258108490493523,0.19344997327238395,0.9721374848217788,0.986099991400111,1.3178282119040752,0.21175010537161054,0.49282710367773397,0.5892672352269485,0.01078178821926226,0.08849557522123896,0.1038353900135318,0.4810156300711117,1.2822303747923938,0.890716591177735,1.3664022395301922,0.10385046567781997,0.45712493733114234,0.476293682795699,0.025613723295961347,0.06923076923076926,0.16004287955407873,1.2085629894561682,1.380917666722481,0.8698406675796332,1.2914842168060157,0.10223802173984431,0.5738835087041488,0.630661695681857,0.024558653410294607,0.04761904761904767,0.15671200786887585,0.5083190383606669,0.46912762947955944,0.8836373072561059,1.313185788531544,0.09803690484207689,0.36983393887161764,0.5599894089424254,0.017417875779804783,0.10126582278481011,0.13197680015747004,-0.2981617496246371,1.3463824492509469,0.9051831285641535,1.331041914014203,0.12709929725652125,0.3483734116419404,0.5109629797764011,0.026547145453514377,0.0927152317880795,0.1629329477224124,0.3904970424315284,0.8311909728261333
