LT_Mean_Gyr,LT_Max_Acc,LT_IQR_GyrX,LT_Min_Acc,LT_Mean_AccX,LT_Var_Gyr,LT_IQR_AccX,LT_Std_Gyr,LT_Skew_Acc,LT_Kurt_Gyr,RT_Mean_Gyr,RT_Max_Acc,RT_IQR_GyrX,RT_Min_Acc,RT_Mean_AccX,RT_Var_Gyr,RT_IQR_AccX,RT_Std_Gyr,RT_Skew_Acc,RT_Kurt_Gyr,LS_Mean_Gyr,LS_Max_Acc,LS_IQR_GyrX,LS_Min_Acc,LS_Mean_AccX,LS_Var_Gyr,LS_IQR_AccX,LS_Std_Gyr,LS_Skew_Acc,LS_Kurt_Gyr,RS_Mean_Gyr,RS_Max_Acc,RS_IQR_GyrX,RS_Min_Acc,RS_Mean_AccX,RS_Var_Gyr,RS_IQR_AccX,RS_Std_Gyr,RS_Skew_Acc,RS_Kurt_Gyr,LA_Mean_Gyr,LA_Max_Acc,LA_IQR_GyrX,LA_Min_Acc,LA_Mean_AccX,LA_Var_Gyr,LA_IQR_AccX,LA_Std_Gyr,LA_Skew_Acc,LA_Kurt_Gyr,RA_Mean_Gyr,RA_Max_Acc,RA_IQR_GyrX,RA_Min_Acc,RA_Mean_AccX,RA_Var_Gyr,RA_IQR_AccX,RA_Std_Gyr,RA_Skew_Acc,RA_Kurt_Gyr
1.040058599295691,1.4509706326667973,0.28882547026699024,0.34641451927324346,0.5984354491363282,0.04000011711267746,0.12107623318385652,0.20000029278147935,-0.5489193351801371,-0.10570907729749601,0.974235191087957,1.4063140648944363,0.13514267773669153,0.3542102667299155,0.5391320324940513,0.013615304675398414,0.12062256809338517,0.1166846377009348,0.4333243235369982,0.537213887951538,0.8316081484078461,1.470068169111885,0.12419879882911072,0.6147496092219573,0.6109595784342997,0.037818854759143934,0.07228915662650603,0.1944707041154115,0.44525896618082833,-0.26721392804680555,0.8657841376708175,1.3865824185111029,0.1206093549925934,0.4817576337073003,0.5491707462285609,0.04557207792766997,0.054200542005420016,0.21347617648737754,-1.743371862797807,0.35946190924043186,0.8960719253493264,1.530998869970732,0.1473011992328282,0.11004537479250694,0.629221256289443,0.026452262406572898,0.1522491349480969,0.16264151501561003,-0.9112781046220291,1.394353037575887,0.9669251443430668,1.5197709198243587,0.2474247977755309,0.35454545454545455,0.6233224745783352,0.033611834436656045,0.11818181818181817,0.18333530602875173,-0.4450256673784024,0.14543131887759664
