LT_Mean_Gyr,LT_Max_Acc,LT_IQR_GyrX,LT_Min_Acc,LT_Mean_AccX,LT_Var_Gyr,LT_IQR_AccX,LT_Std_Gyr,LT_Skew_Acc,LT_Kurt_Gyr,RT_Mean_Gyr,RT_Max_Acc,RT_IQR_GyrX,RT_Min_Acc,RT_Mean_AccX,RT_Var_Gyr,RT_IQR_AccX,RT_Std_Gyr,RT_Skew_Acc,RT_Kurt_Gyr,LS_Mean_Gyr,LS_Max_Acc,LS_IQR_GyrX,LS_Min_Acc,LS_Mean_AccX,LS_Var_Gyr,LS_IQR_AccX,LS_Std_Gyr,LS_Skew_Acc,LS_Kurt_Gyr,RS_Mean_Gyr,RS_Max_Acc,RS_IQR_GyrX,RS_Min_Acc,RS_Mean_AccX,RS_Var_Gyr,RS_IQR_AccX,RS_Std_Gyr,RS_Skew_Acc,RS_Kurt_Gyr,LA_Mean_Gyr,LA_Max_Acc,LA_IQR_GyrX,LA_Min_Acc,LA_Mean_AccX,LA_Var_Gyr,LA_IQR_AccX,LA_Std_Gyr,LA_Skew_Acc,LA_Kurt_Gyr,RA_Mean_Gyr,RA_Max_Acc,RA_IQR_GyrX,RA_Min_Acc,RA_Mean_AccX,RA_Var_Gyr,RA_IQR_AccX,RA_Std_Gyr,RA_Skew_Acc,RA_Kurt_Gyr
1.082400004987367,1.4520041236181134,0.21260789149198522,0.4331681406156397,0.48539890509891764,0.04049402117239101,0.09677419354838707,0.2012312629100931,0.3018086956667904,1.4209292976942205,1.0158403272040013,1.3485234236478665,0.21053360413589361,0.4595333461143104,0.5846444267294134,0.010271629287908143,0.07920792079207928,0.1013490468031552,0.33597142491605203,1.4092053775216389,0.9417286890473622,1.3179931911551428,0.09238246299007641,0.36260505727160847,0.42049331990966227,0.02490062249011119,0.054545454545454564,0.1577993108036635,1.4707643059583067,0.9499148117272407,0.970644998123031,1.3091736754859078,0.12516097875080479,0.7100679035530227,0.6028288550791012,0.0221470679302702,0.03614457831325302,0.14881890985446103,0.6755765703355641,0.6384148591671455,0.9123386802379251,1.2792860939539465,0.08555886830753617,0.41676405960798685,0.5849502520042829,0.021213118846420825,0.09395973154362414,0.1456472411218998,-0.06048525766791274,1.7679747814768225,0.884596313899191,1.3253638435947441,0.0967339532773871,0.3167374405856309,0.6488924679586158,0.023511982695927972,0.07275132275132279,0.1533361754313964,-0.1280110440525006,1.0312921073367374
