LT_Mean_Gyr,LT_Max_Acc,LT_IQR_GyrX,LT_Min_Acc,LT_Mean_AccX,LT_Var_Gyr,LT_IQR_AccX,LT_Std_Gyr,LT_Skew_Acc,LT_Kurt_Gyr,RT_Mean_Gyr,RT_Max_Acc,RT_IQR_GyrX,RT_Min_Acc,RT_Mean_AccX,RT_Var_Gyr,RT_IQR_AccX,RT_Std_Gyr,RT_Skew_Acc,RT_Kurt_Gyr,LS_Mean_Gyr,LS_Max_Acc,LS_IQR_GyrX,LS_Min_Acc,LS_Mean_AccX,LS_Var_Gyr,LS_IQR_AccX,LS_Std_Gyr,LS_Skew_Acc,LS_Kurt_Gyr,RS_Mean_Gyr,RS_Max_Acc,RS_IQR_GyrX,RS_Min_Acc,RS_Mean_AccX,RS_Var_Gyr,RS_IQR_AccX,RS_Std_Gyr,RS_Skew_Acc,RS_Kurt_Gyr,LA_Mean_Gyr,LA_Max_Acc,LA_IQR_GyrX,LA_Min_Acc,LA_Mean_AccX,LA_Var_Gyr,LA_IQR_AccX,LA_Std_Gyr,LA_Skew_Acc,LA_Kurt_Gyr,RA_Mean_Gyr,RA_Max_Acc,RA_IQR_GyrX,RA_Min_Acc,RA_Mean_AccX,RA_Var_Gyr,RA_IQR_AccX,RA_Std_Gyr,RA_Skew_Acc,RA_Kurt_Gyr
1.0619014916850054,1.4486874362315254,0.1645330012453301,0.35782544732642385,0.5155855744806828,0.02803766674603517,0.07482993197278914,0.16744451841142835,0.40339776154589196,1.3431415429582358,0.9792468433635134,1.3246889743596912,0.20405196266941794,0.3929396044162213,0.5606372127549358,0.008964871280294974,0.06896551724137934,0.0946830041786538,0.5796168622270433,1.3798946352976769,0.848708711251731,1.3321551009737125,0.09617065226026855,0.35904403067484647,0.5151366016783394,0.024982358114591974,0.051851851851851816,0.1580580846226854,1.1882713435573897,0.7364144878722079,0.8352394907651186,1.400936478252787,0.09136561463310722,0.7151656233249389,0.6485154233231826,0.0199222650538949,0.03867403314917128,0.1411462541263313,0.7444972831667965,0.7535537259085685,0.913330448951807,1.2800702764019605,0.09025540914267116,0.14197530864197533,0.5875114958022396,0.016836287094524206,0.0864197530864198,0.12975471896822946,-0.8978472691494772,2.2473692869059487,0.8740808768882881,1.400655712027226,0.11637947800381188,0.3617468840520112,0.5265937256116633,0.025749321231166654,0.07843137254901966,0.16046595037940808,0.42401686134341793,0.29002028578922
