LT_Mean_Gyr,LT_Max_Acc,LT_IQR_GyrX,LT_Min_Acc,LT_Mean_AccX,LT_Var_Gyr,LT_IQR_AccX,LT_Std_Gyr,LT_Skew_Acc,LT_Kurt_Gyr,RT_Mean_Gyr,RT_Max_Acc,RT_IQR_GyrX,RT_Min_Acc,RT_Mean_AccX,RT_Var_Gyr,RT_IQR_AccX,RT_Std_Gyr,RT_Skew_Acc,RT_Kurt_Gyr,LS_Mean_Gyr,LS_Max_Acc,LS_IQR_GyrX,LS_Min_Acc,LS_Mean_AccX,LS_Var_Gyr,LS_IQR_AccX,LS_Std_Gyr,LS_Skew_Acc,LS_Kurt_Gyr,RS_Mean_Gyr,RS_Max_Acc,RS_IQR_GyrX,RS_Min_Acc,RS_Mean_AccX,RS_Var_Gyr,RS_IQR_AccX,RS_Std_Gyr,RS_Skew_Acc,RS_Kurt_Gyr,LA_Mean_Gyr,LA_Max_Acc,LA_IQR_GyrX,LA_Min_Acc,LA_Mean_AccX,LA_Var_Gyr,LA_IQR_AccX,LA_Std_Gyr,LA_Skew_Acc,LA_Kurt_Gyr,RA_Mean_Gyr,RA_Max_Acc,RA_IQR_GyrX,RA_Min_Acc,RA_Mean_AccX,RA_Var_Gyr,RA_IQR_AccX,RA_Std_Gyr,RA_Skew_Acc,RA_Kurt_Gyr
0.8768128567640677,1.3089683585231842,0.1891290726817043,0.501859172690628,0.6985489608207457,0.05447092204038524,0.13170731707317074,0.23339006414238211,-1.2368510752549746,-0.5485493908025916,0.9112573468338369,1.3772700680525207,0.2421650834331559,0.3801914642943101,0.5635721361560593,0.009305862130602034,0.15135135135135125,0.09646689655318054,-0.04356415222179038,0.44113519003545765,0.9320785064465185,1.3018346961232634,0.1414251068252685,0.7047679980285386,0.5566203023575318,0.03574329791409247,0.12075471698113205,0.1890589799879722,0.7240606371897191,0.0017551815439711405,0.8727823088841993,1.4291123056038135,0.1574671445639187,0.34879619005207907,0.6225454285110701,0.025237399662828945,0.12589928057553956,0.15886283285535652,-0.25699906127069955,-0.11644786892869208,1.0123135217293762,1.477773558976362,0.20182252763668962,0.5822509380577946,0.5784379351748522,0.022868383059526983,0.15946843853820597,0.1512229581099609,0.02813414128925273,0.1500230420809281,1.0066783319673724,1.4374012832120304,0.26302137916579327,0.272424895923093,0.5980787521400038,0.015638424781221315,0.16785714285714293,0.12505368759545363,-0.3738274682060561,1.697755131784886
