LT_Mean_Gyr,LT_Max_Acc,LT_IQR_GyrX,LT_Min_Acc,LT_Mean_AccX,LT_Var_Gyr,LT_IQR_AccX,LT_Std_Gyr,LT_Skew_Acc,LT_Kurt_Gyr,RT_Mean_Gyr,RT_Max_Acc,RT_IQR_GyrX,RT_Min_Acc,RT_Mean_AccX,RT_Var_Gyr,RT_IQR_AccX,RT_Std_Gyr,RT_Skew_Acc,RT_Kurt_Gyr,LS_Mean_Gyr,LS_Max_Acc,LS_IQR_GyrX,LS_Min_Acc,LS_Mean_AccX,LS_Var_Gyr,LS_IQR_AccX,LS_Std_Gyr,LS_Skew_Acc,LS_Kurt_Gyr,RS_Mean_Gyr,RS_Max_Acc,RS_IQR_GyrX,RS_Min_Acc,RS_Mean_AccX,RS_Var_Gyr,RS_IQR_AccX,RS_Std_Gyr,RS_Skew_Acc,RS_Kurt_Gyr,LA_Mean_Gyr,LA_Max_Acc,LA_IQR_GyrX,LA_Min_Acc,LA_Mean_AccX,LA_Var_Gyr,LA_IQR_AccX,LA_Std_Gyr,LA_Skew_Acc,LA_Kurt_Gyr,RA_Mean_Gyr,RA_Max_Acc,RA_IQR_GyrX,RA_Min_Acc,RA_Mean_AccX,RA_Var_Gyr,RA_IQR_AccX,RA_Std_Gyr,RA_Skew_Acc,RA_Kurt_Gyr
0.785982048027376,1.2114976613399833,0.19901756475141408,0.45623936233259366,0.6295285659403985,0.05725265499594348,0.15328467153284675,0.23927527033929663,-1.1907515244475417,-0.41511575957833546,0.9348681119935737,1.3124372050495787,0.22963935992357298,0.55942041391127,0.6840131002352506,0.010170553964277523,0.13496932515337423,0.10084916442032389,-0.36787157774909457,0.002221191008758616,0.9749801263382789,1.3769336874716716,0.10022587802586602,0.7754872373621304,0.6073890888358336,0.03369734914580524,0.10426540284360186,0.18356837730340494,0.7956754926831194,0.5896079717603091,0.9284947607248915,1.454945150219387,0.13484848484848477,0.4278762061659026,0.4966524591734113,0.011477849979610441,0.08280254777070062,0.10713472816790287,0.2790553102324141,0.5636131841003151,1.04418717270742,1.4196173398640395,0.14147133702045467,0.5519259670176196,0.6247608921293133,0.02792336553490771,0.1077441077441077,0.1671028591464183,-0.4662656213390903,0.44975853515057507,1.0153370836521887,1.4316869231801943,0.22014235274337268,0.4231019702061903,0.656790757381258,0.014758276583565131,0.09059233449477344,0.12148364739159395,-0.3065290474948048,1.6325933021066437
