LT_Mean_Gyr,LT_Max_Acc,LT_IQR_GyrX,LT_Min_Acc,LT_Mean_AccX,LT_Var_Gyr,LT_IQR_AccX,LT_Std_Gyr,LT_Skew_Acc,LT_Kurt_Gyr,RT_Mean_Gyr,RT_Max_Acc,RT_IQR_GyrX,RT_Min_Acc,RT_Mean_AccX,RT_Var_Gyr,RT_IQR_AccX,RT_Std_Gyr,RT_Skew_Acc,RT_Kurt_Gyr,LS_Mean_Gyr,LS_Max_Acc,LS_IQR_GyrX,LS_Min_Acc,LS_Mean_AccX,LS_Var_Gyr,LS_IQR_AccX,LS_Std_Gyr,LS_Skew_Acc,LS_Kurt_Gyr,RS_Mean_Gyr,RS_Max_Acc,RS_IQR_GyrX,RS_Min_Acc,RS_Mean_AccX,RS_Var_Gyr,RS_IQR_AccX,RS_Std_Gyr,RS_Skew_Acc,RS_Kurt_Gyr,LA_Mean_Gyr,LA_Max_Acc,LA_IQR_GyrX,LA_Min_Acc,LA_Mean_AccX,LA_Var_Gyr,LA_IQR_AccX,LA_Std_Gyr,LA_Skew_Acc,LA_Kurt_Gyr,RA_Mean_Gyr,RA_Max_Acc,RA_IQR_GyrX,RA_Min_Acc,RA_Mean_AccX,RA_Var_Gyr,RA_IQR_AccX,RA_Std_Gyr,RA_Skew_Acc,RA_Kurt_Gyr
0.7564282197651379,1.2197725790035112,0.16137187718306112,0.5326834817088626,0.5731130131489329,0.04644664691806601,0.16101694915254233,0.21551484152620676,-1.3115160227494351,-0.06110825214016735,1.001961514749902,1.2769018941012427,0.20372699450802834,0.5518505647394134,0.6901828266694313,0.010889269847768706,0.1392405063291139,0.10435166432677874,-0.12799894163792713,-0.13340045411964763,0.9818249341996877,1.380305155014966,0.12999645850548924,0.8369828023147031,0.6811027625161723,0.0313425392930897,0.0821917808219178,0.17703824245933336,0.7551318853756668,0.5264081969204688,0.8444987689689429,1.6302421110827805,0.12532967885401047,0.4236691993828087,0.4839687265667995,0.011208241289688252,0.0846645367412141,0.1058689817164983,0.04531703087384738,1.1953472379654073,1.0357312614090874,1.4166934868827283,0.13323961262105588,0.6172555484819331,0.6413497375627167,0.026126317113602093,0.10273972602739734,0.16163637311447598,-0.03885177784122374,0.51508625851105,1.020200622664028,1.4426783692593945,0.17858740716437493,0.4917517514969523,0.6708060304169852,0.01604120189789903,0.08041958041958042,0.12665386649407523,-0.2577000280382214,2.592095535603822
