LT_Mean_Gyr,LT_Max_Acc,LT_IQR_GyrX,LT_Min_Acc,LT_Mean_AccX,LT_Var_Gyr,LT_IQR_AccX,LT_Std_Gyr,LT_Skew_Acc,LT_Kurt_Gyr,RT_Mean_Gyr,RT_Max_Acc,RT_IQR_GyrX,RT_Min_Acc,RT_Mean_AccX,RT_Var_Gyr,RT_IQR_AccX,RT_Std_Gyr,RT_Skew_Acc,RT_Kurt_Gyr,LS_Mean_Gyr,LS_Max_Acc,LS_IQR_GyrX,LS_Min_Acc,LS_Mean_AccX,LS_Var_Gyr,LS_IQR_AccX,LS_Std_Gyr,LS_Skew_Acc,LS_Kurt_Gyr,RS_Mean_Gyr,RS_Max_Acc,RS_IQR_GyrX,RS_Min_Acc,RS_Mean_AccX,RS_Var_Gyr,RS_IQR_AccX,RS_Std_Gyr,RS_Skew_Acc,RS_Kurt_Gyr,LA_Mean_Gyr,LA_Max_Acc,LA_IQR_GyrX,LA_Min_Acc,LA_Mean_AccX,LA_Var_Gyr,LA_IQR_AccX,LA_Std_Gyr,LA_Skew_Acc,LA_Kurt_Gyr,RA_Mean_Gyr,RA_Max_Acc,RA_IQR_GyrX,RA_Min_Acc,RA_Mean_AccX,RA_Var_Gyr,RA_IQR_AccX,RA_Std_Gyr,RA_Skew_Acc,RA_Kurt_Gyr
0.7360420242210068,1.2282475063610645,0.2039018156964132,0.5464106500735718,0.6461902260579463,0.05641520341893191,0.15957446808510634,0.23751884855508185,-1.3383890391624402,-0.08105928016425112,0.9367503241188402,1.4599665934179762,0.24662366817517722,0.38351697807944074,0.6374099964932635,0.00779866708126265,0.13580246913580252,0.08831006217449204,0.11239165884289026,-0.03278916451655389,0.9709565504955305,1.3826942471051402,0.1389283440270363,0.8778146310602529,0.6730632514713785,0.03302029120306896,0.12682926829268282,0.1817148623615277,0.6705244679625598,0.9204575438220166,0.8896707698941699,1.5344725998488378,0.12683151322172193,0.3828606294499517,0.5502964339438987,0.01365140641500468,0.07666666666666666,0.11683923320103004,0.0022091934710687217,0.03217922195575662,1.0068187762944298,1.3862089651585237,0.12413282223737743,0.6465432585686944,0.6463447240614729,0.03220878091868617,0.10431654676258995,0.1794680498548033,0.1584735119173896,0.48691284452430317,0.8667513620644927,1.4309448996328,0.14213182093037802,0.36820771602528807,0.6534449887781452,0.03458057704137727,0.10909090909090913,0.18595853581209246,-0.007461500310776607,0.20855961507196152
