LT_Mean_Gyr,LT_Max_Acc,LT_IQR_GyrX,LT_Min_Acc,LT_Mean_AccX,LT_Var_Gyr,LT_IQR_AccX,LT_Std_Gyr,LT_Skew_Acc,LT_Kurt_Gyr,RT_Mean_Gyr,RT_Max_Acc,RT_IQR_GyrX,RT_Min_Acc,RT_Mean_AccX,RT_Var_Gyr,RT_IQR_AccX,RT_Std_Gyr,RT_Skew_Acc,RT_Kurt_Gyr,LS_Mean_Gyr,LS_Max_Acc,LS_IQR_GyrX,LS_Min_Acc,LS_Mean_AccX,LS_Var_Gyr,LS_IQR_AccX,LS_Std_Gyr,LS_Skew_Acc,LS_Kurt_Gyr,RS_Mean_Gyr,RS_Max_Acc,RS_IQR_GyrX,RS_Min_Acc,RS_Mean_AccX,RS_Var_Gyr,RS_IQR_AccX,RS_Std_Gyr,RS_Skew_Acc,RS_Kurt_Gyr,LA_Mean_Gyr,LA_Max_Acc,LA_IQR_GyrX,LA_Min_Acc,LA_Mean_AccX,LA_Var_Gyr,LA_IQR_AccX,LA_Std_Gyr,LA_Skew_Acc,LA_Kurt_Gyr,RA_Mean_Gyr,RA_Max_Acc,RA_IQR_GyrX,RA_Min_Acc,RA_Mean_AccX,RA_Var_Gyr,RA_IQR_AccX,RA_Std_Gyr,RA_Skew_Acc,RA_Kurt_Gyr
0.8086471516557359,1.2645389554124598,0.20447614898714872,0.5363567722896667,0.6153338451798871,0.0671378256107231,0.1917808219178082,0.2591096787283777,-1.334637288535957,-0.5307317588614122,0.8915593527584965,1.2817717283702421,0.21447461484055474,0.4979341324317531,0.6646363669470846,0.008028323071862421,0.17361111111111116,0.08960090999461122,-0.689681600728773,0.5286885178148308,1.006424137162087,1.3532730124937202,0.1263517700441762,0.7264645846269525,0.5852901799354476,0.0376434029169927,0.11864406779661019,0.1940190787448304,0.8166439886697759,0.8635249896134853,0.8846411089293819,1.462095070855378,0.14617075276694835,0.27695295149610033,0.48816157075744093,0.012216264851071905,0.07518796992481203,0.11052721316975248,0.19497883953795334,0.6058730977552695,1.062013231952783,1.5208997702383649,0.1773555791300993,0.5468365049327961,0.6066185949961761,0.02761853204498372,0.1233333333333334,0.16618824280009617,-0.22220843715135274,0.26191344806920114,0.9458034703777003,1.4238665517504852,0.20995846543291796,0.3514910777598348,0.6458775528656518,0.022009595295485154,0.1103448275862069,0.14835631195026774,-0.30516594279177706,2.157789674450374
