LT_Mean_Gyr,LT_Max_Acc,LT_IQR_GyrX,LT_Min_Acc,LT_Mean_AccX,LT_Var_Gyr,LT_IQR_AccX,LT_Std_Gyr,LT_Skew_Acc,LT_Kurt_Gyr,RT_Mean_Gyr,RT_Max_Acc,RT_IQR_GyrX,RT_Min_Acc,RT_Mean_AccX,RT_Var_Gyr,RT_IQR_AccX,RT_Std_Gyr,RT_Skew_Acc,RT_Kurt_Gyr,LS_Mean_Gyr,LS_Max_Acc,LS_IQR_GyrX,LS_Min_Acc,LS_Mean_AccX,LS_Var_Gyr,LS_IQR_AccX,LS_Std_Gyr,LS_Skew_Acc,LS_Kurt_Gyr,RS_Mean_Gyr,RS_Max_Acc,RS_IQR_GyrX,RS_Min_Acc,RS_Mean_AccX,RS_Var_Gyr,RS_IQR_AccX,RS_Std_Gyr,RS_Skew_Acc,RS_Kurt_Gyr,LA_Mean_Gyr,LA_Max_Acc,LA_IQR_GyrX,LA_Min_Acc,LA_Mean_AccX,LA_Var_Gyr,LA_IQR_AccX,LA_Std_Gyr,LA_Skew_Acc,LA_Kurt_Gyr,RA_Mean_Gyr,RA_Max_Acc,RA_IQR_GyrX,RA_Min_Acc,RA_Mean_AccX,RA_Var_Gyr,RA_IQR_AccX,RA_Std_Gyr,RA_Skew_Acc,RA_Kurt_Gyr
1.0053254707463788,1.6125944808645882,0.24240710120964237,0.5093488055700475,0.7230151844869116,0.028023588977193186,0.15094339622641506,0.16740247601870525,-0.2349361406761344,0.8893989300494702,0.8978368090070414,1.341060348928047,0.14103435862565494,0.6230217854731623,0.6748368507936965,0.010659938067190698,0.09090909090909083,0.10324697606802195,0.7597062689214775,0.2315786053150184,0.9336442954370391,1.384852561634865,0.08410498754709755,0.4407033312581363,0.5471147142094998,0.026547364165776424,0.07142857142857145,0.16293361889363542,1.2902801357573914,-0.0017665415540113472,0.8718292724310586,1.4223444110251557,0.07795880725484172,0.6407039073528756,0.5941546114664846,0.04427695515477555,0.09268292682926838,0.21042089999516578,1.0212896233400963,1.1785551500724374,1.0123675094670264,1.3500340430395608,0.16432320031686298,0.42015253546450837,0.6029959039782152,0.008173398176103944,0.12315270935960587,0.09040684805977887,0.03884906728656701,1.2675822990996881,0.8732027193194062,1.691181934097149,0.20738256664479598,0.29784827592025914,0.6045713808225452,0.051150035017279126,0.2349397590361445,0.22616373497375553,0.09287419614328149,-1.3165617951825568
