LT_Mean_Gyr,LT_Max_Acc,LT_IQR_GyrX,LT_Min_Acc,LT_Mean_AccX,LT_Var_Gyr,LT_IQR_AccX,LT_Std_Gyr,LT_Skew_Acc,LT_Kurt_Gyr,RT_Mean_Gyr,RT_Max_Acc,RT_IQR_GyrX,RT_Min_Acc,RT_Mean_AccX,RT_Var_Gyr,RT_IQR_AccX,RT_Std_Gyr,RT_Skew_Acc,RT_Kurt_Gyr,LS_Mean_Gyr,LS_Max_Acc,LS_IQR_GyrX,LS_Min_Acc,LS_Mean_AccX,LS_Var_Gyr,LS_IQR_AccX,LS_Std_Gyr,LS_Skew_Acc,LS_Kurt_Gyr,RS_Mean_Gyr,RS_Max_Acc,RS_IQR_GyrX,RS_Min_Acc,RS_Mean_AccX,RS_Var_Gyr,RS_IQR_AccX,RS_Std_Gyr,RS_Skew_Acc,RS_Kurt_Gyr,LA_Mean_Gyr,LA_Max_Acc,LA_IQR_GyrX,LA_Min_Acc,LA_Mean_AccX,LA_Var_Gyr,LA_IQR_AccX,LA_Std_Gyr,LA_Skew_Acc,LA_Kurt_Gyr,RA_Mean_Gyr,RA_Max_Acc,RA_IQR_GyrX,RA_Min_Acc,RA_Mean_AccX,RA_Var_Gyr,RA_IQR_AccX,RA_Std_Gyr,RA_Skew_Acc,RA_Kurt_Gyr
1.0013431307771914,1.5635977352090982,0.15388077811264633,0.44133720244835906,0.742124149659864,0.023187053703327427,0.07999999999999996,0.15227295788592085,-0.4929547178823058,1.5659067288444808,0.9211032732998125,1.321416051498419,0.0884625722349146,0.6872162544702481,0.696368943919031,0.00967685913198183,0.06707317073170727,0.09837102790955185,0.9092519088199242,-0.16530931073576305,0.9501608088016931,1.3049052225698248,0.06678183613030597,0.36971561784384827,0.5809996011679007,0.01976003961160888,0.030973451327433676,0.14057040802248844,1.391860875577192,0.5814930089754249,0.8718186616095728,1.4393566093847596,0.06040827436037011,0.6655256064270156,0.6786283709912536,0.03894274279352892,0.044642857142857206,0.19733915676704641,0.818183180203525,1.981904369552784,1.0148226664862077,1.306901075039434,0.10414174114997532,0.344642684390163,0.5889376475978993,0.008292771254901238,0.08808290155440424,0.09106465425674902,-0.16242571713093532,1.1552714264859905,0.8269868110014358,1.5177094287674764,0.22547006852806253,0.13073784711377603,0.6244302721088437,0.05896107247675869,0.19333333333333336,0.2428190117695867,-0.23728617013440628,-0.9696527816479503
