LT_Mean_Gyr,LT_Max_Acc,LT_IQR_GyrX,LT_Min_Acc,LT_Mean_AccX,LT_Var_Gyr,LT_IQR_AccX,LT_Std_Gyr,LT_Skew_Acc,LT_Kurt_Gyr,RT_Mean_Gyr,RT_Max_Acc,RT_IQR_GyrX,RT_Min_Acc,RT_Mean_AccX,RT_Var_Gyr,RT_IQR_AccX,RT_Std_Gyr,RT_Skew_Acc,RT_Kurt_Gyr,LS_Mean_Gyr,LS_Max_Acc,LS_IQR_GyrX,LS_Min_Acc,LS_Mean_AccX,LS_Var_Gyr,LS_IQR_AccX,LS_Std_Gyr,LS_Skew_Acc,LS_Kurt_Gyr,RS_Mean_Gyr,RS_Max_Acc,RS_IQR_GyrX,RS_Min_Acc,RS_Mean_AccX,RS_Var_Gyr,RS_IQR_AccX,RS_Std_Gyr,RS_Skew_Acc,RS_Kurt_Gyr,LA_Mean_Gyr,LA_Max_Acc,LA_IQR_GyrX,LA_Min_Acc,LA_Mean_AccX,LA_Var_Gyr,LA_IQR_AccX,LA_Std_Gyr,LA_Skew_Acc,LA_Kurt_Gyr,RA_Mean_Gyr,RA_Max_Acc,RA_IQR_GyrX,RA_Min_Acc,RA_Mean_AccX,RA_Var_Gyr,RA_IQR_AccX,RA_Std_Gyr,RA_Skew_Acc,RA_Kurt_Gyr
1.0517686135440776,1.6157185838787893,0.23761868103669492,0.4524585531922953,0.7842414176999486,0.03168486013192291,0.09395973154362414,0.17800241608450967,-0.34551091799793765,1.4862345519934541,0.9273464338948514,1.2907992071857868,0.12562652155234133,0.630407680150938,0.6439569976267224,0.009417661308058652,0.09999999999999998,0.09704463564802875,0.7053475361115535,-0.15714883598549312,0.9966008760980543,1.377385221551565,0.0887547454549742,0.4646247437082846,0.5805219439623109,0.02577881249573485,0.06000000000000005,0.16055781667590915,1.284057694739852,0.1573716445823452,0.8890393804497286,1.4250750108105343,0.08714572131595733,0.5706275850083162,0.5910929949864835,0.045186872853531034,0.09268292682926838,0.21257204156128112,1.0934017510130927,0.9910682749711666,1.065602646618556,1.3841869694763655,0.15083579608422604,0.4084087584364992,0.5778843875047434,0.008107057864916662,0.13259668508287303,0.09003920182296521,0.2232836285613502,1.3063131831080064,0.8523985553643276,1.526015051772982,0.1982124674736961,0.03355704697986572,0.6581807470915284,0.05688229747907403,0.31543624161073835,0.23850009953682205,0.015363132871180891,-1.3531198852920903
