LT_Mean_Gyr,LT_Max_Acc,LT_IQR_GyrX,LT_Min_Acc,LT_Mean_AccX,LT_Var_Gyr,LT_IQR_AccX,LT_Std_Gyr,LT_Skew_Acc,LT_Kurt_Gyr,RT_Mean_Gyr,RT_Max_Acc,RT_IQR_GyrX,RT_Min_Acc,RT_Mean_AccX,RT_Var_Gyr,RT_IQR_AccX,RT_Std_Gyr,RT_Skew_Acc,RT_Kurt_Gyr,LS_Mean_Gyr,LS_Max_Acc,LS_IQR_GyrX,LS_Min_Acc,LS_Mean_AccX,LS_Var_Gyr,LS_IQR_AccX,LS_Std_Gyr,LS_Skew_Acc,LS_Kurt_Gyr,RS_Mean_Gyr,RS_Max_Acc,RS_IQR_GyrX,RS_Min_Acc,RS_Mean_AccX,RS_Var_Gyr,RS_IQR_AccX,RS_Std_Gyr,RS_Skew_Acc,RS_Kurt_Gyr,LA_Mean_Gyr,LA_Max_Acc,LA_IQR_GyrX,LA_Min_Acc,LA_Mean_AccX,LA_Var_Gyr,LA_IQR_AccX,LA_Std_Gyr,LA_Skew_Acc,LA_Kurt_Gyr,RA_Mean_Gyr,RA_Max_Acc,RA_IQR_GyrX,RA_Min_Acc,RA_Mean_AccX,RA_Var_Gyr,RA_IQR_AccX,RA_Std_Gyr,RA_Skew_Acc,RA_Kurt_Gyr
0.9860649152906155,1.5770837067986532,0.23253799511772588,0.5271065573256264,0.7171164126995674,0.025662719286258243,0.10967741935483877,0.16019587786912073,-0.07445913982723044,1.1174061890111258,0.9358159286632481,1.3928924128422957,0.1433237798196072,0.6879552792500506,0.6839618867512819,0.012141944868022952,0.0903225806451613,0.11019049354650769,0.7328132229816525,-0.633572583947946,0.9332120993327675,1.2862721156885728,0.09196437980819894,0.35525797185210156,0.6025957072654992,0.03035166387985918,0.08133971291866038,0.17421728926791158,1.0111783858071923,-0.2779302963361996,0.8659832822957519,1.4179188106933434,0.08313801817959482,0.5581199170600398,0.5731501086149532,0.046810325832366134,0.08292682926829276,0.21635694080007264,0.9585699286369969,0.9122981718188186,1.062367620984309,1.3876506599482952,0.16889408025803998,0.32470185519543954,0.604860297343678,0.008317023289968807,0.1280788177339901,0.09119771537691505,-0.19747519471496475,0.7684182968656077,0.8648301738792428,1.5806865363940994,0.2658582876423451,0.2855530970476031,0.6324446393029632,0.05637575485461436,0.23456790123456794,0.237435791014359,0.11496237423082895,-1.487749689890066
