LT_Mean_Gyr,LT_Max_Acc,LT_IQR_GyrX,LT_Min_Acc,LT_Mean_AccX,LT_Var_Gyr,LT_IQR_AccX,LT_Std_Gyr,LT_Skew_Acc,LT_Kurt_Gyr,RT_Mean_Gyr,RT_Max_Acc,RT_IQR_GyrX,RT_Min_Acc,RT_Mean_AccX,RT_Var_Gyr,RT_IQR_AccX,RT_Std_Gyr,RT_Skew_Acc,RT_Kurt_Gyr,LS_Mean_Gyr,LS_Max_Acc,LS_IQR_GyrX,LS_Min_Acc,LS_Mean_AccX,LS_Var_Gyr,LS_IQR_AccX,LS_Std_Gyr,LS_Skew_Acc,LS_Kurt_Gyr,RS_Mean_Gyr,RS_Max_Acc,RS_IQR_GyrX,RS_Min_Acc,RS_Mean_AccX,RS_Var_Gyr,RS_IQR_AccX,RS_Std_Gyr,RS_Skew_Acc,RS_Kurt_Gyr,LA_Mean_Gyr,LA_Max_Acc,LA_IQR_GyrX,LA_Min_Acc,LA_Mean_AccX,LA_Var_Gyr,LA_IQR_AccX,LA_Std_Gyr,LA_Skew_Acc,LA_Kurt_Gyr,RA_Mean_Gyr,RA_Max_Acc,RA_IQR_GyrX,RA_Min_Acc,RA_Mean_AccX,RA_Var_Gyr,RA_IQR_AccX,RA_Std_Gyr,RA_Skew_Acc,RA_Kurt_Gyr
1.04900730679744,1.6041930902197847,0.14913173874407587,0.46053375510212974,0.7573897504709314,0.030207918864038202,0.09090909090909094,0.17380425444746225,-0.492729263630644,1.5971471419111989,0.9154724586587473,1.3768568240777794,0.08894733455586656,0.6092417796620178,0.7133560267166917,0.010085766804331743,0.06145251396648044,0.10042791845065666,1.1009766471606126,0.49560693623690755,0.9387371900117737,1.3372819537570149,0.06008839551855266,0.36936772004557406,0.6064786079888449,0.020993578269716727,0.04147465437788023,0.14489160869324602,1.1343855920510528,0.31357960888891556,0.8786726472614378,1.4174035603691717,0.06113516467349045,0.6371200999305352,0.6566292961483335,0.0393027405432005,0.045454545454545525,0.19824918800136485,0.9174521770491285,1.7991746309258145,0.962074395988712,1.277542686024909,0.08284026625622165,0.2928429525039423,0.6068111173722576,0.0074663592365368575,0.08866995073891626,0.08640809705425098,-0.5058874681040835,1.7496745041434103,0.7784179665891053,1.5641219346699078,0.2582964291720388,0.4361659842038701,0.6028478752529461,0.05076334467647602,0.18709677419354842,0.2253072228679676,0.2748673948524557,-1.1546360902917283
