LT_Mean_Gyr,LT_Max_Acc,LT_IQR_GyrX,LT_Min_Acc,LT_Mean_AccX,LT_Var_Gyr,LT_IQR_AccX,LT_Std_Gyr,LT_Skew_Acc,LT_Kurt_Gyr,RT_Mean_Gyr,RT_Max_Acc,RT_IQR_GyrX,RT_Min_Acc,RT_Mean_AccX,RT_Var_Gyr,RT_IQR_AccX,RT_Std_Gyr,RT_Skew_Acc,RT_Kurt_Gyr,LS_Mean_Gyr,LS_Max_Acc,LS_IQR_GyrX,LS_Min_Acc,LS_Mean_AccX,LS_Var_Gyr,LS_IQR_AccX,LS_Std_Gyr,LS_Skew_Acc,LS_Kurt_Gyr,RS_Mean_Gyr,RS_Max_Acc,RS_IQR_GyrX,RS_Min_Acc,RS_Mean_AccX,RS_Var_Gyr,RS_IQR_AccX,RS_Std_Gyr,RS_Skew_Acc,RS_Kurt_Gyr,LA_Mean_Gyr,LA_Max_Acc,LA_IQR_GyrX,LA_Min_Acc,LA_Mean_AccX,LA_Var_Gyr,LA_IQR_AccX,LA_Std_Gyr,LA_Skew_Acc,LA_Kurt_Gyr,RA_Mean_Gyr,RA_Max_Acc,RA_IQR_GyrX,RA_Min_Acc,RA_Mean_AccX,RA_Var_Gyr,RA_IQR_AccX,RA_Std_Gyr,RA_Skew_Acc,RA_Kurt_Gyr
1.0218687117735965,1.602105893474878,0.16745765327777135,0.4785671135107495,0.719527116039941,0.026715500755516604,0.07746478873239437,0.16344877104315164,-0.4602033765544358,1.3214641358329215,0.8483741913040082,1.4115882779447082,0.0976420263725386,0.6581735389970459,0.6665346297314048,0.011314532484676969,0.06578947368421051,0.10636979122230601,1.0973504551552513,0.1756941699864618,0.9122468876110356,1.3063142326041346,0.06215702828197556,0.3608967970778184,0.5377395558188713,0.02544029115169813,0.04166666666666663,0.15950012900213634,1.2621096737428499,0.1436499494338883,0.859984349196477,1.4005448687688966,0.05644585304883487,0.6049486031636068,0.5938721627751972,0.04174747844243176,0.04651162790697683,0.20432199696173625,1.115734779371473,1.7457598212521068,1.0150565334127255,1.3183818863655477,0.11346839810691722,0.2838922535182598,0.604433081424658,0.009435914225813172,0.09644670050761428,0.09713863405367183,-0.25433634157789714,1.9418625070538216,0.8199990132825009,1.565025229348748,0.2524671501008669,0.2801946280013032,0.6091243888407433,0.046866176497975934,0.2516556291390729,0.21648597298202935,0.24999061327761687,-1.3001124418391667
