LT_Mean_Gyr,LT_Max_Acc,LT_IQR_GyrX,LT_Min_Acc,LT_Mean_AccX,LT_Var_Gyr,LT_IQR_AccX,LT_Std_Gyr,LT_Skew_Acc,LT_Kurt_Gyr,RT_Mean_Gyr,RT_Max_Acc,RT_IQR_GyrX,RT_Min_Acc,RT_Mean_AccX,RT_Var_Gyr,RT_IQR_AccX,RT_Std_Gyr,RT_Skew_Acc,RT_Kurt_Gyr,LS_Mean_Gyr,LS_Max_Acc,LS_IQR_GyrX,LS_Min_Acc,LS_Mean_AccX,LS_Var_Gyr,LS_IQR_AccX,LS_Std_Gyr,LS_Skew_Acc,LS_Kurt_Gyr,RS_Mean_Gyr,RS_Max_Acc,RS_IQR_GyrX,RS_Min_Acc,RS_Mean_AccX,RS_Var_Gyr,RS_IQR_AccX,RS_Std_Gyr,RS_Skew_Acc,RS_Kurt_Gyr,LA_Mean_Gyr,LA_Max_Acc,LA_IQR_GyrX,LA_Min_Acc,LA_Mean_AccX,LA_Var_Gyr,LA_IQR_AccX,LA_Std_Gyr,LA_Skew_Acc,LA_Kurt_Gyr,RA_Mean_Gyr,RA_Max_Acc,RA_IQR_GyrX,RA_Min_Acc,RA_Mean_AccX,RA_Var_Gyr,RA_IQR_AccX,RA_Std_Gyr,RA_Skew_Acc,RA_Kurt_Gyr
1.0025669793950531,1.6980593801630353,0.18375104579680623,0.5359472102470915,0.743883306563072,0.02427522224230789,0.0921052631578948,0.1558050777167031,-0.32470399470772066,1.2749468768010646,0.9079528025950722,1.365452875001363,0.09411444800290042,0.668811465951238,0.6424126474732825,0.010214581301350159,0.05978260869565222,0.10106721180160338,1.032074577915712,0.2925860934136364,0.9223128394893183,1.3358330630248383,0.07075834008013115,0.3498287219389655,0.6040677774811555,0.02246236874146897,0.04587155963302747,0.14987450997907872,1.1023228048123461,0.3130903247708474,0.8582162633973012,1.4059890771561332,0.0667189952904238,0.6286952889916106,0.6647072134621121,0.043238453841582994,0.05217391304347829,0.2079385818975954,0.8897841862151881,1.4469856963595644,0.9987123064431457,1.2812164488300584,0.11690430588068379,0.2522801824139802,0.5797791266049691,0.008285695970415308,0.09950248756218905,0.09102579837834605,-0.33558860548501945,1.4795657831954436,0.8377341172630282,1.4245534264352973,0.24232825758456353,0.36496431753684916,0.6052191714947944,0.0593390673088567,0.2222222222222222,0.24359611513498466,0.09372514057827026,-1.2646676035642765
