LT_Mean_Gyr,LT_Max_Acc,LT_IQR_GyrX,LT_Min_Acc,LT_Mean_AccX,LT_Var_Gyr,LT_IQR_AccX,LT_Std_Gyr,LT_Skew_Acc,LT_Kurt_Gyr,RT_Mean_Gyr,RT_Max_Acc,RT_IQR_GyrX,RT_Min_Acc,RT_Mean_AccX,RT_Var_Gyr,RT_IQR_AccX,RT_Std_Gyr,RT_Skew_Acc,RT_Kurt_Gyr,LS_Mean_Gyr,LS_Max_Acc,LS_IQR_GyrX,LS_Min_Acc,LS_Mean_AccX,LS_Var_Gyr,LS_IQR_AccX,LS_Std_Gyr,LS_Skew_Acc,LS_Kurt_Gyr,RS_Mean_Gyr,RS_Max_Acc,RS_IQR_GyrX,RS_Min_Acc,RS_Mean_AccX,RS_Var_Gyr,RS_IQR_AccX,RS_Std_Gyr,RS_Skew_Acc,RS_Kurt_Gyr,LA_Mean_Gyr,LA_Max_Acc,LA_IQR_GyrX,LA_Min_Acc,LA_Mean_AccX,LA_Var_Gyr,LA_IQR_AccX,LA_Std_Gyr,LA_Skew_Acc,LA_Kurt_Gyr,RA_Mean_Gyr,RA_Max_Acc,RA_IQR_GyrX,RA_Min_Acc,RA_Mean_AccX,RA_Var_Gyr,RA_IQR_AccX,RA_Std_Gyr,RA_Skew_Acc,RA_Kurt_Gyr
1.044024838669451,1.657223473776678,0.2288306451612903,0.46196367982556596,0.712498330216404,0.02449246067492481,0.0921052631578948,0.15650067308137947,-0.16080997738092306,1.0126957198439,0.9328534047648536,1.3775979994983076,0.1269029495718363,0.6795522443381907,0.6590645395213922,0.011322025064832795,0.09523809523809523,0.10640500488620258,0.72768113653121,-0.6161207120556678,0.9481641725183703,1.3752180876047408,0.08081298244030155,0.3987314918438291,0.5950399865913225,0.02759634402042055,0.06132075471698106,0.16612147368844446,1.224163639263314,0.026321688278254207,0.8408877974509549,1.4033532309271093,0.08351989925440262,0.5298614716985758,0.5722715736040609,0.04933777733901354,0.07843137254901955,0.22212108711019207,1.0785803330927097,0.6132856075556652,1.0208563079663053,1.3090348146010524,0.13002258881511397,0.32038512500549116,0.5688802786478021,0.006258604269929551,0.12765957446808518,0.07911134096910222,-0.06985291315141963,1.8181251919970718,0.7893264780325591,1.5563927154890846,0.21969630217052893,0.3358723544296879,0.6303593537204409,0.04578640780354511,0.27439024390243905,0.21397758715235835,0.19647993397960575,-1.4813167977799027
